-- phpMyAdmin SQL Dump
-- version 5.2.1
-- https://www.phpmyadmin.net/
--
-- Máy chủ: 127.0.0.1
-- Thời gian đã tạo: Th10 23, 2023 lúc 05:46 PM
-- Phiên bản máy phục vụ: 10.4.28-MariaDB
-- Phiên bản PHP: 8.2.4

SET SQL_MODE = "NO_AUTO_VALUE_ON_ZERO";
START TRANSACTION;
SET time_zone = "+00:00";


/*!40101 SET @OLD_CHARACTER_SET_CLIENT=@@CHARACTER_SET_CLIENT */;
/*!40101 SET @OLD_CHARACTER_SET_RESULTS=@@CHARACTER_SET_RESULTS */;
/*!40101 SET @OLD_COLLATION_CONNECTION=@@COLLATION_CONNECTION */;
/*!40101 SET NAMES utf8mb4 */;

--
-- Cơ sở dữ liệu: `smart_store`
--

-- --------------------------------------------------------

--
-- Cấu trúc bảng cho bảng `bannerimg`
--

CREATE TABLE `bannerimg` (
  `id_banner` int(11) NOT NULL,
  `url_bannerImg` text NOT NULL
) ENGINE=InnoDB DEFAULT CHARSET=utf8mb4 COLLATE=utf8mb4_general_ci;

--
-- Đang đổ dữ liệu cho bảng `bannerimg`
--

INSERT INTO `bannerimg` (`id_banner`, `url_bannerImg`) VALUES
(34, 'https://cdn.hoanghamobile.com/i/home/Uploads/2023/08/30/htc-a103-1200x375.jpg'),
(35, 'https://cdn.hoanghamobile.com/i/home/Uploads/2023/08/28/oppo-reno10-web-1200x375_638288372912436850.png'),
(36, 'https://cdn.hoanghamobile.com/i/home/Uploads/2023/08/28/1200x375-kieslect-250823.jpg'),
(37, 'https://cdn.hoanghamobile.com/i/home/Uploads/2023/08/29/poster-garmin-venu-3-3s-web-1200x375.jpg'),
(38, 'https://cdn.hoanghamobile.com/i/home/Uploads/2023/09/06/tcl-1200x375.jpg'),
(39, 'https://cdn.hoanghamobile.com/i/home/Uploads/2023/09/05/tv-xiaomi-thang-9-1200x375.jpg'),
(40, 'https://cdn.hoanghamobile.com/i/home/Uploads/2023/08/28/nam-hoc-moi-sam-lenovo-ideapad-3-5-01.png'),
(41, 'https://cdn.hoanghamobile.com/i/home/Uploads/2023/09/06/iphone-14-pro-max-pc.png'),
(42, 'https://cdn.hoanghamobile.com/i/home/Uploads/2023/08/28/group-399.png'),
(43, 'https://cdn.hoanghamobile.com/i/home/Uploads/2023/09/05/group-403.png');

-- --------------------------------------------------------

--
-- Cấu trúc bảng cho bảng `cart`
--

CREATE TABLE `cart` (
  `idCart` int(11) NOT NULL,
  `userID` int(11) NOT NULL,
  `id` int(11) NOT NULL,
  `quantity` int(11) NOT NULL
) ENGINE=InnoDB DEFAULT CHARSET=utf8mb4 COLLATE=utf8mb4_general_ci;

--
-- Đang đổ dữ liệu cho bảng `cart`
--

INSERT INTO `cart` (`idCart`, `userID`, `id`, `quantity`) VALUES
(586, 7620046, 39, 1),
(588, 7895619, 18, 1),
(589, 7895619, 40, 1),
(590, 7895619, 39, 1);

-- --------------------------------------------------------

--
-- Cấu trúc bảng cho bảng `category`
--

CREATE TABLE `category` (
  `id_category` int(11) NOT NULL,
  `name_type` varchar(100) CHARACTER SET utf8mb4 COLLATE utf8mb4_vietnamese_ci NOT NULL,
  `image` text NOT NULL
) ENGINE=InnoDB DEFAULT CHARSET=utf8mb4 COLLATE=utf8mb4_general_ci;

--
-- Đang đổ dữ liệu cho bảng `category`
--

INSERT INTO `category` (`id_category`, `name_type`, `image`) VALUES
(1, 'Điện thoại', 'https://smartstore.khanhnhat.top/images/category/phone.png'),
(2, 'Laptop', 'https://smartstore.khanhnhat.top/images/category/laptop.png'),
(3, 'Tablet', 'https://smartstore.khanhnhat.top/images/category/tablet.webp'),
(4, 'Đồng hồ', 'https://smartstore.khanhnhat.top/images/category/smartwatch.webp'),
(5, 'Phụ kiện', 'https://smartstore.khanhnhat.top/images/category/accessories.webp'),
(6, 'Màn hình', 'https://smartstore.khanhnhat.top/images/category/monitor.png'),
(7, 'Bàn phím', 'https://smartstore.khanhnhat.top/images/category/banphim.png'),
(8, 'Tivi', 'https://smartstore.khanhnhat.top/images/category/tv.png');

-- --------------------------------------------------------

--
-- Cấu trúc bảng cho bảng `comment`
--

CREATE TABLE `comment` (
  `idComment` int(11) NOT NULL,
  `comment` text NOT NULL,
  `img` text DEFAULT NULL,
  `date` varchar(20) NOT NULL,
  `time` varchar(5) NOT NULL,
  `userID` int(11) NOT NULL,
  `id` int(11) NOT NULL
) ENGINE=InnoDB DEFAULT CHARSET=utf8mb4 COLLATE=utf8mb4_general_ci;

-- --------------------------------------------------------

--
-- Cấu trúc bảng cho bảng `favorite`
--

CREATE TABLE `favorite` (
  `id_favorite` int(11) NOT NULL,
  `id` int(11) NOT NULL,
  `userID` int(11) NOT NULL,
  `show` int(11) NOT NULL
) ENGINE=InnoDB DEFAULT CHARSET=latin1 COLLATE=latin1_swedish_ci;

-- --------------------------------------------------------

--
-- Cấu trúc bảng cho bảng `order`
--

CREATE TABLE `order` (
  `id_order` varchar(12) NOT NULL,
  `fullname` text NOT NULL,
  `city` text NOT NULL,
  `district` text NOT NULL,
  `ward` text NOT NULL,
  `phone` int(11) NOT NULL,
  `total` int(11) NOT NULL,
  `userID` int(11) NOT NULL
) ENGINE=InnoDB DEFAULT CHARSET=utf8mb4 COLLATE=utf8mb4_general_ci;

--
-- Đang đổ dữ liệu cho bảng `order`
--

INSERT INTO `order` (`id_order`, `fullname`, `city`, `district`, `ward`, `phone`, `total`, `userID`) VALUES
('DH1aba17cf60', 'a', 'c', 'd', 'e', 0, 72420000, 7620046),
('DH26e3cb3d89', 'thien test', 'Cân Thơ', 'Ninh Kiều', 'An Hòa', 12345678, 36980000, 7620046),
('DHd338d95b32', 'Quang Thiện', 'a', 'b', 'c', 123456, 7190000, 7620046),
('DHfe599f60af', 'a', 'b', 'c', 'd', 123, 27990000, 7895619);

-- --------------------------------------------------------

--
-- Cấu trúc bảng cho bảng `order_detail`
--

CREATE TABLE `order_detail` (
  `idDetail` int(11) NOT NULL,
  `id_order` varchar(12) NOT NULL,
  `id` int(11) NOT NULL,
  `name` varchar(50) NOT NULL,
  `thumbnail` text NOT NULL,
  `quantity` int(11) NOT NULL,
  `price` int(11) NOT NULL
) ENGINE=InnoDB DEFAULT CHARSET=utf8mb4 COLLATE=utf8mb4_general_ci;

--
-- Đang đổ dữ liệu cho bảng `order_detail`
--

INSERT INTO `order_detail` (`idDetail`, `id_order`, `id`, `name`, `thumbnail`, `quantity`, `price`) VALUES
(144, 'DH26e3cb3d89', 4, 'iPhone 14 Pro Max', 'https://vcdn-sohoa.vnecdn.net/2022/09/16/-8571-1663329717.jpg', 1, 26990000),
(145, 'DH26e3cb3d89', 27, 'Apple Watch S6 44mm viền nhôm dây silicone ', 'https://cdn.tgdd.vn/Files/2022/08/05/1453303/so-sanh-apple-watch-s6-va-s7-diem-khac-nhau-1-652x367.jpg', 1, 9990000),
(146, 'DHd338d95b32', 34, 'Asus TUF Gaming VG27VQ 27 inch Full HD', 'https://dlcdnwebimgs.asus.com/gain/7f6a5f1d-c3c2-444b-8cf3-e5c2cf4dc5e8/w692', 1, 7190000),
(147, 'DH1aba17cf60', 4, 'iPhone 14 Pro Max', 'https://vcdn-sohoa.vnecdn.net/2022/09/16/-8571-1663329717.jpg', 1, 26990000),
(148, 'DH1aba17cf60', 35, 'Dell Gaming S2722DGM 27 inch QHD', 'https://cdn.tgdd.vn/Products/Images/5697/271555/dell-lcd-gaming-monitor-27-inch-qhd-165hz-1ms-s2722dgm-1-600x600.jpg', 2, 11490000),
(149, 'DH1aba17cf60', 40, 'Smart Tivi LG 4K 75 inch 75UP7800PTB', 'https://manhnguyen.com.vn/img/uploads/smart-tivi-lg-4k-70-inch-70up7800-10.jpg', 1, 22450000),
(150, 'DHfe599f60af', 1, 'Samsung Galaxy S22 Ultra 5G', 'https://cdn.tgdd.vn/Products/Images/42/249948/samsung-galaxy-s23-ultra-11.jpg', 1, 27990000);

-- --------------------------------------------------------

--
-- Cấu trúc bảng cho bảng `products`
--

CREATE TABLE `products` (
  `id` int(11) NOT NULL,
  `id_category` int(11) NOT NULL,
  `featured` int(11) NOT NULL,
  `thumbnail` text NOT NULL,
  `name` text NOT NULL,
  `price` double NOT NULL,
  `short_des` text NOT NULL,
  `descript` text NOT NULL,
  `favorite` int(11) NOT NULL
) ENGINE=InnoDB DEFAULT CHARSET=utf8mb4 COLLATE=utf8mb4_general_ci;

--
-- Đang đổ dữ liệu cho bảng `products`
--

INSERT INTO `products` (`id`, `id_category`, `featured`, `thumbnail`, `name`, `price`, `short_des`, `descript`, `favorite`) VALUES
(1, 1, 0, 'https://cdn.tgdd.vn/Products/Images/42/249948/samsung-galaxy-s23-ultra-11.jpg', 'Samsung Galaxy S22 Ultra 5G', 27990000, '6.8\" Quad HD+ (2K+)', 'Galaxy S22 Ultra 5G chiếc smartphone cao cấp nhất trong bộ 3 Galaxy S22 series mà Samsung đã cho ra mắt. Tích hợp bút S Pen hoàn hảo trong thân máy, trang bị vi xử lý mạnh mẽ cho các tác vụ sử dụng vô cùng mượt mà và nổi bật hơn với cụm camera không viền độc đáo mang đậm dấu ấn riêng.\nSở hữu một diện mạo đầy nổi bật\nGalaxy S22 Ultra 5G được kế thừa form thiết kế từ những dòng Note trước đây của hãng đem đến cho bạn có cảm giác vừa mới lạ vừa hoài niệm. Trọng lượng của máy 228 g cho cảm giác cầm nắm đầm tay, khi cầm máy trần thì hơi có cảm giác dễ trượt.\n\nGalaxy S22 Ultra 5G - Thiết kế\n\nPhần mặt lưng điện thoại được làm nhám nên hạn chế tốt việc bám dấu vân tay, có thiết kế cũng khá đơn giản nhưng vẫn toát lên vẻ sang trọng và cao cấp của chiếc máy. Cụm camera sau trên Galaxy S22 Ultra 5G được thiết kế trần tạo cảm giác gọn gàng và cũng tạo nên một điểm nhấn độc đáo cho chiếc máy.\n\nGalaxy S22 Ultra 5G - Mặt lưng\n\nCó thể nói Galaxy S22 Ultra 5G chính là chiếc máy đầu tiên được tích hợp bút S Pen hoàn hảo trong một thân máy của dòng Galaxy S. Giờ đây, bạn có thể dễ dàng phác thảo, ghi chú lại những ý tưởng vô cùng nhanh chóng với độ trễ đã được cải thiện cho cảm giác viết vẽ vô cùng chân thật.\n\nGalaxy S22 Ultra 5G - Thao tác viết bằng bút S Pen\n\nCấu hình mạnh mẽ với Snapdragon 8 Gen 1\nHiệu năng trên Galaxy S22 Ultra 5G là điều khỏi bàn cãi khi máy sử dụng chip Snapdragon 8 Gen 1 vô cùng mạnh mẽ với tiến trình sản xuất 4 nm. Khi máy chơi game cũng chỉ ấm lên một chút ở vị trí cụm camera chứ không hoàn toàn quá nóng như những sản phẩm khác khi dùng cùng con chip này.\n\nMáy dễ dàng vượt qua được các tựa game Liên Quân, PUBG Mobile, cài đặt cấu hình tối đa thì biểu đồ FPS trên Galaxy S22 Ultra 5G vẫn khá ổn định, không bị drop quá nhiều. Kể cả tựa game Genshin Impact ở mức đồ họa mặc định thì máy chơi vẫn mượt mà, đồ họa hiển thị đẹp mắt.\n\nGalaxy S22 Ultra 5G - Trải nghiệm chơi game\n\nCòn nói về các tác vụ cơ bản như lướt web, đọc báo, xem YouTube,... thì máy hoàn thành một cách dễ dàng, sử dụng mượt mà, khả năng đa nhiệm thoải mái với RAM 8 GB.\n\nGalaxy S22 Ultra 5G - Trải nghiệm lướt web\n\nMang đến những bức ảnh đầy chất lượng\nChiếc điện thoại Samsung này được trang bị 4 camera với camera chính lên đến 108 MP, camera góc siêu rộng 12 MP, 2 camera tele 10 MP hỗ trợ thu phóng quang học 10x. Nổi bật nhất là camera chính với khả năng chụp đêm vô cùng ấn tượng như câu mà hãng đã đưa ra \"Nightography Camera - Mắt thần bóng đêm\". Sở hữu cảm biến điểm ảnh lớn nên thu được nhiều ánh sáng hơn, khi chụp đêm những bức ảnh cực kỳ sáng, hiện tượng nhiễu hạt được cải thiện đáng kể.\nGalaxy S22 Ultra 5G - Ảnh chụp trên camera\nChế độ zoom 100x hoạt động khá là ổn định, khả năng zoom xa và bắt nét ảnh nhanh. Tất nhiên khi bạn zoom tới 100x thì ảnh khá mờ, khoảng cách zoom để cho ra chất lượng ảnh tốt là khoảng 30-40x.\nGalaxy S22 Ultra 5G - Chế độ zoom 30x trên máy\nChế độ chụp chân dung cũng đã được hãng cải thiện khá nhiều so với thế hệ trước. Ảnh chụp xóa phông sâu, ít bị lẹm kể cả phần khó như tóc, độ chi tiết cao, ảnh tươi sáng và màu sắc khá chân thật. Bạn muốn chụp ảnh phong cảnh, khu phố hay đơn giản là chụp nhóm thì trên Galaxy S22 Ultra 5G hoàn toàn làm được với camera góc siêu rộng.\nGalaxy S22 Ultra 5G - Ảnh chụp trên camera\nGalaxy S22 Ultra 5G hỗ trợ quay video 8K tuy nhiên không đi kèm chống rung, nếu như bật chế độ Siêu ổn định lên thì độ phân giải sẽ bị giới hạn xuống Full HD 60 FPS. Bao nhiêu đó cũng khá đủ rồi, khung hình ổn định, ít bị giật, độ chi tiết cao và màu sắc cũng khá chân thật để chúng ta dễ dàng chỉnh sửa.\nCamera trước lên đến 40 MP cho nên hình sống ảo của chúng ta sẽ chân thật hơn bao giờ hết, da vẫn được làm mịn nhẹ nhưng các chi tiết trên da đều sẽ được tái tạo rất rõ nét. Màu sắc khá rực rỡ nên không cần áp dụng thêm bộ lọc màu nữa.\nTrải nghiệm xem nhìn hoàn hảo\nGalaxy S22 Ultra 5G trang bị một màn hình khá xuất sắc với độ phân giải 2K+, rộng 6.8 inch cùng với đó là tấm nền Dynamic AMOLED 2X đem đến một màu sắc hiển thị rực rỡ, màu đen sâu cho cảm giác xem nhìn chân thật. Hỗ trợ tần số quét 120 Hz nên khả năng vuốt chạm mượt mà, nhanh chóng. Màn hình có độ sáng cao 1750 nits nên việc khi dùng ngoài trời chất lượng hiển thị vẫn rất rõ ràng.\nGalaxy S22 Ultra 5G - Màn hình cong tràn sang 2 cạnh\nMặt kính cong tràn sang 2 cạnh khá sang trọng và cũng là đặc trưng của dòng Note, được trang bị kính cường lực Corning Gorilla Glass Victus+ gia tăng khả năng chống trầy xước rất tốt, cho bạn yên tâm hơn khi sử dụng máy.\nThời lượng sử dụng cả ngày với viên pin 5000 mAh\nViên pin trên Galaxy S22 Ultra 5G được hỗ trợ là 5000 mAh tương tự như Galaxy S21 Ultra 5G nhưng công suất sạc thì đã được nâng lên thành 45 W thay vì 25 W. Khả năng sạc nhanh ấn tượng với 30 phút được hơn 50% dung lượng và mất khoảng 1 giờ 10 phút là đầy.\nGalaxy S22 Ultra 5G - Thời gian sạc\nVì thế với dung lượng pin cao cùng khả năng sạc nhanh, thì Galaxy S22 Ultra 5G hoàn toàn có thể cùng bạn chinh phục các tựa game, những bộ phim yêu thích hoặc đáp ứng tốt nhu cầu làm việc cả một ngày dài.\nChuyển đổi dữ liệu nhanh chóng và tiện lợi\nNgoài ra, để trải nghiệm sử dụng của khách hàng được liền mạch hơn, Samsung có cung cấp một cách chuyển đổi dữ liệu an toàn, bảo mật với tính năng Smart Witch. Hỗ trợ người dùng truyền dữ liệu như ảnh, video, danh bạ, sự kiện lịch, ghi chú,... từ nhiều thiết bị kể cả khác hệ điều hành đến Samsung Galaxy S22 Ultra.\nBạn có thể tham khảo chi tiết bài hướng dẫn tại: Chuyển dữ liệu sang điện thoại Samsung bằng Smart Switch.\nTóm lại, với những ưu điểm như thiết kế sang trọng, camera chụp đêm ấn tượng, hiệu năng vượt trội thì Galaxy S22 Ultra 5G hoàn toàn xứng đáng để bạn bỏ tiền ra sở hữu em nó để phục vụ nhiều cầu sử dụng của bản thân.', 1),
(4, 1, 1, 'https://vcdn-sohoa.vnecdn.net/2022/09/16/-8571-1663329717.jpg', 'iPhone 14 Pro Max', 26990000, 'Super Retina XDR', 'Điện thoại iPhone 13 Pro Max 128 GB - siêu phẩm được mong chờ nhất ở nửa cuối năm 2021 đến từ Apple. Máy có thiết kế không mấy đột phá khi so với người tiền nhiệm, bên trong đây vẫn là một sản phẩm có màn hình siêu đẹp, tần số quét được nâng cấp lên 120 Hz mượt mà, cảm biến camera có kích thước lớn hơn, cùng hiệu năng mạnh mẽ với sức mạnh đến từ Apple A15 Bionic, sẵn sàng cùng bạn chinh phục mọi thử thách.\nThiết kế đẳng cấp hàng đầu\niPhone mới kế thừa thiết kế đặc trưng từ iPhone 12 Pro Max khi sở hữu khung viền vuông vức, mặt lưng kính cùng màn hình tai thỏ tràn viền nằm ở phía trước.\n\nThiết kế vuông vức đặc trưng - iPhone 13 Pro Max 128GB\n\nVới iPhone 13 Pro Max phần tai thỏ đã được thu gọn lại 20% so với thế hệ trước, không chỉ giải phóng nhiều không gian hiển thị hơn mà còn giúp mặt trước chiếc điện thoại trở nên hấp dẫn hơn mà vẫn đảm bảo được hoạt động của các cảm biến.\n\nMàn hình tai thỏ được tinh giản - iPhone 13 Pro Max 128GB\n\nĐiểm thay đổi dễ dàng nhận biết trên iPhone 13 Pro Max chính là kích thước của cảm biến camera sau được làm to hơn và để tăng độ nhận diện cho sản phẩm mới thì Apple cũng đã bổ sung một tùy chọn màu sắc Sierra Blue (màu xanh dương nhạt hơn so với Pacific Blue của iPhone 12 Pro Max).\n\nSierra Blue trẻ trung, thanh lịch - iPhone 13 Pro Max 128GB\n\nMáy vẫn tiếp tục sử dụng khung viền thép cao cấp cho khả năng chống trầy xước và va đập một cách vượt trội, kết hợp với khả năng kháng bụi, nước chuẩn IP68.\n\nXem thêm: Tiêu chuẩn chống nước IP68 trên smartphone là gì? Có công dụng gì?\n\nViền thép cao cấp - iPhone 13 Pro Max 128GB\n\nMàn hình giải trí siêu mượt cùng tần số quét 120 Hz\niPhone 13 Pro Max được trang bị màn hình kích thước 6.7 inch cùng độ phân giải 1284 x 2778 Pixels, sử dụng tấm nền OLED cùng công nghệ Super Retina XDR cho khả năng tiết kiệm năng lượng vượt trội nhưng vẫn đảm bảo hiển thị sắc nét sống động chân thực.\n\nMàn hình kích thước 6.7 inch - iPhone 13 Pro Max 128GB\n\niPhone Pro Max năm nay đã được nâng cấp lên tần số quét 120 Hz, mọi thao tác chuyển cảnh khi lướt ngón tay trên màn hình trở nên mượt mà hơn đồng thời hiệu ứng thị giác khi chúng ta chơi game hoặc xem video cũng cực kỳ mãn nhãn.\n\nTốc độ làm tươi màn hình - iPhone 13 Pro Max 128GB\n\nCùng công nghệ ProMotion thông minh có thể thay đổi tần số quét từ 10 đến 120 lần mỗi giây tùy thuộc vào ứng dụng, thao tác bạn đang sử dụng, nhằm tối ưu thời lượng sử dụng pin và trải nghiệm của bạn.\n\nCông nghệ ProMotion thông minh - iPhone 13 Pro Max 128GB\n\nNếu bạn dùng iPhone 13 Pro Max để chơi game, tần số quét 120 Hz kết hợp hiệu suất đồ họa tuyệt vời của GPU sẽ khiến máy trở nên vô cùng hoàn hảo khi trải nghiệm.\n\nMang đến trải nghiệm mượt mà - iPhone 13 Pro Max 128GB\n\nNgoài ra máy cũng hỗ trợ công nghệ True Tone, dải màu rộng chuẩn điện ảnh P3 sẽ cho mọi trải nghiệm của bạn trên máy trở nên ấn tượng hơn bao giờ hết.\n\nDải màu chuẩn điện ảnh P3 - iPhone 13 Pro Max 128GB\n\nCụm camera được nâng cấp toàn diện\niPhone 13 Pro Max vẫn sẽ có bộ camera 3 ống kính xếp xen kẽ thành một cụm vuông, đặt ở góc trên bên trái của lưng máy gồm camera telephoto, camera góc siêu rộng và camera chính góc rộng với khẩu độ f/1.5 siêu lớn.\n\nCụm camera chuyên nghiệp - iPhone 13 Pro Max 128GB\n\nCamera góc siêu rộng cũng được nâng cấp với khẩu độ f/1.8, cảm biến nhanh hơn, mang tới những bức ảnh góc siêu rộng tự nhiên và chân thực và còn tăng cường có khả năng lấy nét ở khoảng cách chỉ 2 cm, mang đến tính năng chụp ảnh quay phim macro đầy thú vị.\n\nLấy nét ở khoảng cách 2cm - iPhone 13 Pro Max 128GB\n\nCamera tele trên iPhone 13 Pro Max có thể zoom quang học 3x, phóng to hình ảnh và video gấp 3 lần nhưng vẫn giữ nguyên chất lượng, hỗ trợ chụp ảnh chân dung xóa phông, tích hợp sẵn rất nhiều bộ lọc màu tự nhiên giúp có được bức ảnh đúng như ý muốn.\n\nKhả năng zoom quang học - iPhone 13 Pro Max 128GB\n\nBên cạnh đó, cảm biến LiDAR vẫn sẽ hiện diện trên iPhone 13 Pro Max nhằm mang đến trải nghiệm thực tế tăng cường (AR) tốt nhất cho tất cả người dùng cũng như hỗ trợ cho cụm camera lấy nét trong môi trường ánh sáng yếu.\n\nLấy nét trong môi trường anh sáng yếu - iPhone 13 Pro Max 128GB\n\nApple còn tăng cường khả năng nhiếp ảnh trên iPhone 13 Pro Max với chế độ quay phim chuẩn điện ảnh Cinematic giúp người dùng có thể dễ dàng lấy nét vào chủ thể cả trong và sau khi quay, đồng thời làm mờ hậu cảnh và những nhân vật khác trong khung hình.\n\nChế độ quay Cinematic - iPhone 13 Pro Max 128GB\n\nĐây cũng là chiếc điện thoại thông minh đầu tiên cung cấp quy trình làm việc chuyên nghiệp \"end-to-end\" cho phép bạn ghi và chỉnh sửa video ở định dạng nén ProRes hoặc Dolby Vision với nhiều thiết lập chuyên sâu tạo giúp rút ngắn đáng kể quá trình hậu kỳ tạo nên những thước phim chất lượng đáng kinh ngạc ngay trên chính chiếc điện thoại của mình.\n\nKhả năng quay video chuyên nghiệp - iPhone 13 Pro Max 128GB\n\nHiệu năng đầy hứa hẹn với Apple A15 Bionic \niPhone 13 Pro Max sẽ được trang bị bộ vi xử lý Apple A15 Bionic mới nhất của hãng, được sản xuất trên tiến trình 5 nm, đảm bảo mang lại hiệu năng vận hành ấn tượng mà vẫn tiết kiệm điện tốt nhất cùng khả năng hỗ trợ mạng 5G tốc độ siêu cao.\n\nTheo Apple công bố, A15 Bionic là chipset nhanh nhất trong thế giới smartphone (9/2021), có tốc độ nhanh hơn 50% so với các chip khác trên thị trường, có thể thực hiện 15.8 nghìn tỷ phép tính mỗi giây, giúp hiệu năng CPU nhanh hơn bao giờ hết.\n\nVi xử lý Apple A15 Bionic - iPhone 13 Pro Max 128GB\n\nMáy sở hữu bộ nhớ trong 128 GB, vừa đủ với nhu cầu sử dụng của một người dùng cơ bản, không có nhu cầu quay video quá nhiều, ngoài ra năm nay cũng có thêm phiên bản bộ nhớ trong lên đến 1TB, bạn có thể cân nhắc nếu có nhu cầu lưu trữ cao.\n\nDung lượng bộ nhớ - iPhone 13 Pro Max 128GB\n\nNgoài ra, máy còn được tích hợp công nghệ Wi-Fi 6, chuẩn kết nối không dây mới với việc trang bị nhiều băng tần 5G, tương thích với nhiều nhà mạng ở các quốc gia khác nhau, iPhone 13 Pro Max luôn cho tốc độ mạng tối đa, cho trải nghiệm xem phim 4K mượt mà, tải tệp tin trong chớp mắt, chơi game online không độ trễ ở bất cứ đâu.\n\nKết nối nhanh chóng - iPhone 13 Pro Max 128GB\n\nBước nhảy vọt về thời lượng pin\niPhone Pro Max đánh dấu bước ngoặt mới trong thời lượng pin sử dụng. Với viên pin dung lượng pin lớn kết hợp cùng màn hình mới và bộ vi xử lý Apple A15 Bionic tiết kiệm điện, giúp iPhone 13 Pro Max trở thành chiếc iPhone có thời lượng pin tốt nhất từ trước đến nay, dài hơn 2.5 giờ so với người tiền nhiệm. \n\nChip A15 giúp tối ưu hóa năng lượng - iPhone 13 Pro Max 128GB\n\nĐáng tiếc là dung lượng pin của các mẫu iPhone mới được cải thiện nhưng tốc độ sạc nhanh của chúng vẫn chỉ dừng ở mức 20 W qua kết nối có dây và sạc qua MagSafe ở mức tối đa 15 W hoặc có thể qua bộ sạc không dây dựa trên Qi với công suất 7.5 W.\n\nSạc MagSafe - iPhone 13 Pro Max 128GB\n\nApple đã không ngừng cải tiến đem đến cho người dùng sản phẩm tốt nhất, iPhone 13 Pro Max 128GB vẫn giữ được các điểm nổi bật của người tiền nhiệm, nổi bật với cải tiến về cấu hình, thời lượng pin cũng như camera và nhiều điều còn chờ bạn khám phá.', 0),
(6, 1, 0, 'https://cdn.tgdd.vn/Products/Images/42/253138/vivo-x80-glr-xanh-11.jpg', 'Vivo X80', 19990000, '6.78\" Full HD+', 'Vivo X80 được xem là thiết bị hướng đến đối tượng người dùng chuyên nhiếp ảnh trên điện thoại, bằng việc hợp tác cùng nhà sản xuất ống kính nổi tiếng mang thương hiệu ZEISS. Với những tính năng mới mẻ hay chế độ quay - chụp độc đáo, X80 hứa hẹn mang đến cho bạn những trải nghiệm đầy mới lạ và chất lượng.\r\nNổi bật với thiết kế đầy sang trọng\r\nẤn tượng đầu tiên khi mình trên tay chiếc Vivo X80 là máy có tổng thể kích thước tương đối lớn, theo mình ước chừng máy có độ dài gần bằng một gang tay.\r\n\r\nKích thước máy lớn - Vivo X80\r\n\r\nVới kích thước lớn như vậy có thể gây khó khăn trong lúc thực hiện các tác vụ mở thanh công cụ bằng việc vuốt từ cạnh trên xuống, mình cảm thấy hơi bị với trong những tình huống sử dụng bằng một tay. Đối với phái nữ, người dùng nên sử dụng thiết bị bằng hai tay để mang lại trải nghiệm sử dụng tốt hơn.\r\n\r\nMàn hình kích thước lớn - Vivo X80\r\n\r\nMặt lưng của máy được làm từ kính nhám tạo cho mình cảm giác sờ rất thích, tình trạng bám dấu vân tay và mồ hôi cũng ít khi xảy ra. Vì làm từ kính nhám nên mình cũng cảm thấy an tâm hơn về khả năng hạn chế vết xước ở phần mặt lưng.\r\n\r\nMặt lưng kính cao cấp - Vivo X80\r\n\r\nĐiểm nhấn chính ở mặt sau chiếc máy có lẽ là cụm camera. Được bao bọc bởi một ô hình chữ nhật có diện tích lớn, giúp thiết bị toát lên vẻ ngoài xịn sò của một chiếc điện thoại chuyên nhiếp ảnh.\r\n\r\nPhần này được làm từ kính bóng cho nên rất dễ bám dấu vân tay, vì vậy trước mỗi lần chụp ảnh người dùng nên dành ít thời gian để lau bóng nhằm cho ra chất lượng ảnh tốt nhất.\r\n\r\nCụm camera kích thước lớn - Vivo X80\r\n\r\nVivo X80 sử dụng kiểu thiết kế màn hình bo cong cả về phần màn hình và mặt lưng, nhờ vậy là mình sử dụng thiết bị trong khoảng thời gian lâu dài mà ít khi gặp phải tình trạng cấn tay. Ngoài ra kiểu thiết kế này còn mang đến một cái nhìn thanh mảnh hơn khi nhìn từ cạnh bên sang.\r\n\r\nCạnh viền bo cong - Vivo X80\r\n\r\nVới những bạn chuyên nhiếp ảnh có lẽ sẽ lăn tăn với kiểu thiết kế cong 3D này, bởi điều này làm cho người dùng khó căn chỉnh bức ảnh ở những vị trí sát viền do hình ảnh hiển thị trên màn hình bị bo cong theo. Tuy nhiên đây cũng chỉ là một chi tiết nhỏ không gây nhiều khó khăn trong lúc bạn căn góc chụp.\r\n\r\nCạnh viền bo cong - Vivo X80\r\n\r\nMình đánh giá cao sự tinh tế của Vivo trên phiên bản X80 bởi hai cạnh trên và dưới được vát phẳng, điều này làm tăng vùng tiếp xúc với tay trong lúc cầm nắm chơi game hay chụp ảnh.\r\n\r\n Hai viền trên và dưới được vát phẳng - Vivo X80\r\n\r\nKhông chỉ về ngoại hình đẹp mắt, Vivo còn hào phóng trang bị thêm cho người dùng bộ phụ kiện rất đầy đủ, từ củ sạc, dây cáp cho đến tai nghe và ốp lưng bên trong hộp nhằm giúp người dùng tiết kiệm được kha khá tiền khi không phải tốn thêm kinh phí để mua sắm phụ kiện từ bên ngoài.\r\n\r\nPhụ kiện kèm theo đầy đủ - Vivo X80\r\n\r\nNâng tầm chụp ảnh nhờ sự hợp tác đến từ ZEISS\r\nTương tự với những người anh thuộc dòng X series trước đây, Vivo X80 vẫn được phát triển và cho ra mắt với sự hợp tác từ nhà sản xuất ống kính nổi tiếng ZEISS. Bên cạnh đó phiên bản lần này còn được tích hợp chip xử lý hình ảnh Vivo V1+ do hãng nghiên cứu và cho ra mắt lần đầu tiên trên thị trường di động.\r\n\r\nCamera hợp tác với ZEISS - Vivo X80\r\n\r\nNhờ những cải tiến bên trên mà những bức hình chụp ảnh vào ban đêm hay khả năng xử lý thuật toán trên camera được nâng cao, cho ra chất lượng ảnh tốt hơn nhiều so với thế hệ trước đó. Để minh chứng cho những gì Vivo X80 mang lại thì mình cũng đã chụp qua một vài bức ảnh ở nhiều điều kiện khác nhau để cho các bạn cùng xem qua.\r\n\r\nĐầu tiên là ở điều kiện ban ngày, nhờ có camera chính 50 MP trên Vivo X80 giúp cho ra bức ảnh có độ chi tiết cao, màu sắc được tái tạo tươi mới và rực rỡ. Cho dù thời tiết không được ủng hộ cho lắm, sau cơn mưa nên quang cảnh có hơi tối nhưng bức ảnh thu được vẫn có độ sáng hài hòa.\r\n\r\nẢnh chụp ở điều kiện ban ngày - Vivo X80\r\n\r\nVề khả năng zoom thì X80 quả là một thiết bị lý tưởng, bởi sau một vài tác vụ chỉnh sửa ảnh mình thấy chất lượng bức hình không bị giảm đi quá nhiều. Điều này có lẽ sẽ thực sự hữu ích đối với những bạn thường xuyên chụp ảnh bằng điện thoại hay khách hàng có mong muốn nâng tầm trải nghiệm chụp ảnh của bản thân.\r\n\r\nẢnh chụp ở điều kiện ban ngày - Vivo X80\r\n\r\n*Ảnh sau khi cắt và phóng to lên\r\n\r\nMột tính năng rất hay trên Vivo X80 mà mình dùng qua chính là “chế độ chụp ảnh ZEISS”, sau khi kích hoạt máy sẽ tự động tinh chỉnh và cân bằng màu sắc sao cho chân thực nhất. Điều này nhằm tái hiện lại không gian để cho ra trải nghiệm giống với mắt thường khi nhìn trực tiếp ngoài đời thực.\r\n\r\nTính năng chụp ảnh ZEISS - Vivo X80\r\n\r\nĐiểm thay đổi rõ ràng nhất mà mình quan sát được chính là độ bão hòa, tuy có giảm đi đôi chút và không được rực rỡ như ban đầu nhưng nhờ vậy mà ảnh mang lại cho mình một cái nhìn chân thực hơn hẳn.\r\n\r\nẢnh chụp bằng tính năng ZEISS - Vivo X80\r\n\r\nTiếp đến là khả năng chụp ảnh từ camera góc siêu rộng 12 MP, Vivo X80 cho ra bức ảnh có độ bao quát lớn hơn, các góc không bị bóp méo quá nhiều nên tổng quan tấm hình vẫn giữ được độ chân thực vốn có ban đầu. \r\n\r\nXem thêm: Camera góc rộng là gì? Cách chụp hình với camera góc rộng cực chất\r\n\r\nDưới đây sẽ là hai bức ảnh mình có chụp qua bằng chế độ thường và chế độ góc siêu rộng, nhằm cho người dùng dễ dàng so sánh và đối chiếu nên mình cũng đã chụp cùng một góc độ ở những tấm hình dưới đây.\r\n\r\nẢnh chụp từ camera chính - Vivo X80\r\n\r\n*Ảnh chụp với chế độ thường\r\n\r\nẢnh chụp từ camera góc siêu rộng - Vivo X80\r\n\r\n*Ảnh chụp với chế độ góc siêu rộng\r\n\r\nỞ trường hợp chụp ảnh ngược sáng trên Vivo X80, nhờ có tính năng HDR cùng khả năng xử lý ảnh trên chip Vivo V1+ giúp cho bức ảnh không bị quá lóa sáng, thành quả thu được vẫn rất xuất sắc và nịnh mắt. \r\n\r\nNhư bức ảnh mà mình có chụp bên dưới, nơi mà công trình nhận được nhiều ánh sáng nhất và theo mình cảm nhận thì đây là môi trường có độ sáng cao. Mình có chạm vào vùng sáng cao nhất được hiển thị trên màn hình thì Vivo X80 sẽ tự động cân bằng lại sao cho dễ nhìn nhất. Tuy tổng quan có hơi tối một chút nhưng nhìn chung chất lượng vẫn rất ổn.\r\n\r\nẢnh chụp ở điều kiện ngược sáng - Vivo X80\r\n\r\n*Ảnh chụp ở điều kiện ngược sáng \r\n\r\nẢnh chụp ngược sáng - Vivo X80\r\n\r\n*Ảnh chụp sau khi cắt và phóng to kích cỡ khung hình\r\n\r\nLần ra mắt lần này Vivo đã quảng cáo khá nhiều về khả năng chụp ảnh đêm trên máy, nhờ lớp phủ T* mà hiện tượng nhòe ảnh được cải thiện, ảnh có độ trong cao hơn nhiều so với những sản phẩm có cùng độ phân giải camera và không được trang bị lớp phủ tương tự.\r\n\r\nĐây là bức ảnh mình đã chụp qua ở ngoài trời khi quang cảnh bắt đầu chạng vạng tối, nếu như so sánh với mắt thường mình nhìn thấy được tại thời điểm đó thì bức ảnh trên Vivo X80 có độ sáng nhỉnh hơn. Những bóng đèn, ô cửa trên các tòa nhà đều được thu lại rõ nét giúp mình quan sát được những chi tiết này tốt hơn cho dù ở khoảng cách xa.\r\n\r\nẢnh chụp ở điều kiện thiếu sáng - Vivo X80\r\n\r\nCòn dưới đây là bức ảnh mình chụp bằng tính năng zoom 3X trên Vivo X80, nếu như bạn quan sát kỹ sẽ thấy bức ảnh mình chụp có cùng thời gian và địa điểm so với tấm ảnh bên trên. \r\n\r\nMình thực sự rất ngạc nhiên về độ sắc nét trên tấm ảnh, nếu không nói đây là thành quả sau khi sử dụng tính năng zoom thì đồng nghiệp của mình cũng không dễ dàng gì nhận biết được.\r\n\r\nẢnh chụp bằng tính năng zoom 3X - Vivo X80\r\n\r\nỞ bức ảnh chụp đường phố về đêm, Vivo X80 ghi lại khung cảnh như đời thực với độ chi tiết cao. Như bạn cũng đã thấy đây được xem là cung đường có nhiều biển quảng cáo với vô vàn màu sắc, nhưng nhờ lớp phủ T* cùng chip xử lý Vivo V1+ mà màu sắc được phân bổ rõ ràng và không bị hòa nhập lại với nhau. \r\n\r\nẢnh chụp ở điều kiện thiếu sáng - Vivo X80\r\n\r\nNhìn chung thì bức ảnh không thấy xuất hiện tình trạng nhiễu hạt hay lóe sáng, đây được xem là điểm cộng rất lớn mà rất ít thiết bị di động trên thị trường smartphone hiện nay (06/2022) có thể làm được.\r\n\r\nẢnh chụp ở điều kiện thiếu sáng - Vivo X80\r\n\r\nTiếp theo là khám phá “chế độ siêu trăng” trên Vivo X80, tuy chỉ là một chiếc smartphone nhỏ gọn nhưng lại có khả năng bắt ảnh ở khoảng cách cực xa như những chiếc máy ảnh DSLR. Những chi tiết trên mặt trăng được thu lại đầy đủ trong bức hình, đây được xem là tính năng hứa hẹn sẽ thu hút rất nhiều bạn trẻ đam mê nhiếp ảnh hiện nay.\r\n\r\nẢnh chụp từ chế độ siêu trăng - Vivo X80\r\n\r\n*Ảnh chụp từ chế độ siêu trăng\r\n\r\nKhông đơn thuần tham gia tinh chỉnh ống kính trên Vivo X80 mà ZEISS còn bổ sung thêm tính nhiều tính năng chụp ảnh và bộ lọc độc đáo, điều này hỗ trợ rất tốt cho mình khi không phải mất nhiều thời gian chỉnh sửa - hậu kỳ mà chất lượng của bức ảnh vẫn đạt như cách mà mình mong muốn.\r\n\r\nHỗ trợ nhiều chế độ chụp ảnh - Vivo X80\r\n\r\nMột tính năng mà phần lớn người dùng đam mê nhiếp ảnh đã từng nghe qua chính là “Cinematic”. Với một vệt sáng xanh chạy dọc qua vị trí có độ sáng cao nhất khung hình để mang lại một điểm nhấn mới lạ, đem đến cho mình một cái nhìn rất điện ảnh và mang tính chuyên nghiệp cao.\r\n\r\nẢnh chụp bằng tính năng Cinematic - Vivo X80\r\n\r\nHiệu năng hàng đầu đến từ chipset MediaTek\r\nNhằm đáp ứng khả năng vận hành thiết bị được nhanh chóng và mượt mà, Vivo trang bị cho X80 con chip MediaTek Dimensity 9000 được sản xuất trên tiến trình 4 nm với nhiều sự tối ưu cả về hiệu suất lẫn điện năng tiêu thụ. Đây được xem là con chip cạnh tranh trực tiếp với Snapdragon 8 Gen 1 đến từ nhà Qualcomm.\r\n\r\nHiệu năng mạnh mẽ - Vivo X80\r\n\r\nMình cũng đã có kiểm tra hiệu năng con X80 qua hai phần mềm đánh giá chipset và có kết quả như sau: 1253 (đơn nhân), 4178 (đa nhân) trên ứng dụng Benchmark và 9964 điểm tổng thể trên Benchmark. \r\n\r\nĐiểm đánh giá hiệu năng - Vivo X80\r\n\r\nVới các thao tác cơ bản hàng ngày, Vivo X80 mang lại cho mình những trải nghiệm sử dụng hết sức mượt mà. Tốc độ mở ứng dụng của máy phải nói là cực kỳ nhanh, chỉ cần chạm là mở và ít khi gặp phải tình trạng khựng hay giật lag nào cả. Bởi được trang bị chipset hàng đầu nên những gì nó mang lại như trên cũng là điều dễ hiểu.\r\n\r\nThao tác mượt mà - Vivo X80\r\n\r\nNhằm giúp người dùng theo dõi được hiệu năng cũng như tùy chỉnh mức hiệu suất và năng lượng, Vivo trang bị cho X80 chế độ Multi turbo cùng nhiều tính năng tiện ích đi kèm như: Cuộc gọi ngầm dưới nền, Quay màn hình, Chặn thông báo,...\r\n\r\nHỗ trợ tính năng Multi Turbo - Vivo X80\r\n\r\nTiếp đến là khả năng xử lý các tác vụ chơi game, trò chơi đầu tiên mình nói đến chính là Liên Quân Mobile ở mức cấu hình cao nhất, tốc độ khung hình dao động loanh quanh 60 FPS. Tình trạng giật lag kể cả những lúc giao tranh tổng cũng rất hiếm khi xảy ra.\r\n\r\nTrải nghiệm Liên Quân Mobile - Vivo X80\r\n\r\n*Trải nghiệm Liên Quân Mobile trên Vivo X80\r\n\r\nBảng đo FPS Liên Quân Mobile - Vivo X80\r\n\r\n*Bảng đo FPS khi chơi Liên Quân Mobile max cấu hình\r\n\r\nCòn đối với PUBG Mobile, Vivo X80 hỗ trợ cài đặt cấu hình tối đa lên đến mức đồ họa Ultra HD và tốc độ khung hình cực cao. Hình ảnh hiển thị ở mức cấu hình này cho ra chất lượng hình ảnh có độ sắc nét cao, hiệu ứng hình ảnh như đổ bóng và đường đạn được tái hiện rất chân thực.\r\n\r\nTrải nghiệm PUBG Mobile - Vivo X80\r\n\r\nTốc độ khung hình mình đo được ở tựa game này dao động ở mức 29 - 32 FPS và ít khi bị giật lag, ngoài ra người dùng có thể cài đặt mức đồ họa xuống thấp hơn để trải nghiệm chơi game mượt mà với tốc độ khung hình cao hơn.\r\n\r\nBảng đo FPS Liên Quân Mobile - Vivo X80\r\n\r\n*Bảng đo FPS khi chơi PUBG Mobile trên Vivo X80\r\n\r\nCuối cùng là tựa game đòi hỏi cấu hình khắt khe nhất ở thời điểm hiện tại mang tên Genshin Impact, với mức đồ họa cao nhất và bật kèm chế độ 60 FPS. Hình ảnh hiển thị mở mức đồ họa này phải nói là hết sức đã mắt, hiệu ứng chuyển động hay đánh nhau được tái hiện sống động, mượt mà.\r\n\r\nBảng cài đặt cấu hình game - Vivo X80\r\n\r\nMức FPS mình đo được ở tựa game này là dao động tầm 58 - 60, ở giai đoạn đầu đầu game thì xuất hiện một vài tình trạng khựng nhẹ bởi máy phải làm việc nhiều hơn để load map (tải xuống bản đồ). Còn khi chính thức vào game một thời gian thì máy vận hành suôn sẻ hơn, hiện tượng giật lag cũng ít khi xảy ra nên mình cũng rất hài lòng với trải nghiệm trên X80 mang lại.\r\n\r\nBảng đo thông số FPS - Vivo X80\r\n\r\n*Bảng đo FPS khi chơi Genshin Impact trên Vivo X80\r\n\r\nĐối với trường hợp chơi game ở điều kiện nhiệt độ phòng (khoảng 24 - 26 độ), sau một vài trận game PUBG Mobile tầm 50 phút thì máy bắt đầu ấm lên, tuy nhiên không quá nóng đến mức gây khó chịu. \r\n\r\nCòn khi mình vừa sạc bằng củ sạc 80 W và vừa chơi game thì X80 nóng lên khá nhanh. Vì nhiệt độ gia tăng có làm giảm đi khả năng xử lý trên chip, nên để đảm bảo thiết bị được vận hành trơn tru nhất thì mình có dành ra chút thời gian nhằm đợi sạc đầy rồi mới tiếp tục chơi game.\r\n\r\nChiến game đồ họa cao - Vivo X80\r\n\r\nĐiện thoại RAM 12 GB cùng tính năng mở rộng thêm 4 GB (tổng số 16 GB), nhờ vậy nên những tác vụ đa nhiệm trên X80 diễn ra hết sức mượt mà, mình có mở nhiều ứng dụng cùng một lúc nhưng tình trạng tải lại từ đầu cũng ít khi xảy ra.\r\n\r\nĐa nhiệm mượt mà - Vivo X80\r\n\r\nThoải mái dùng lâu hay sạc mau trong chớp mắt\r\nGiống như bao chiếc flagship trên thị trường hiện nay, Vivo X80 được tinh giảm kích thước viên pin nhằm mang đến cho thiết bị một độ mỏng thanh thoát hơn. \r\n\r\nDung lượng pin trên máy đạt mức 4500 mAh, sau một ngày trải nghiệm liên tục trên X80 cho thấy máy đáp ứng cho mình thời lượng dùng lên đến 8 giờ 15 phút* cho các tác vụ như: Lướt Youtube, Facebook, xem phim, đàm thoại hay chơi game,...\r\n\r\nThời lượng dùng dài lâu - Vivo X80\r\n\r\nNhờ được hỗ trợ công nghệ sạc siêu nhanh 80 W cho nên mình chỉ mất 39 phút* là có thể lấp đầy được viên pin từ 0 - 100%, với những trường hợp cần thiết thì mình chỉ mất khoảng 15 phút* là đã có gần 50% dung lượng để đáp ứng các tác vụ đàm thoại, nhắn tin hay xem đường cho cả một ngày.\r\n\r\nHỗ trợ sạc pin nhanh chóng - Vivo X80\r\n\r\n*Thời gian sử dụng/sạc có thể thay đổi tùy vào tác vụ sử dụng và nhiệt độ của máy\r\n\r\nQua những trải nghiệm bên trên cho thấy Vivo X80 không chỉ là một chiếc flagship mạnh mẽ về hiệu năng, mà đây còn được xem là thiết bị chuyên camera để hướng thẳng đến đối tượng khách hàng có đam mê chụp ảnh trên smartphone. Bên cạnh đó thì thiết kế và khả năng hiển thị trên màn hình chất lượng cũng là một yếu tố hứa hẹn thu hút rất nhiều bạn trẻ', 0),
(7, 1, 1, 'https://cdn.tgdd.vn/Products/Images/42/234621/4.jpg', 'Xiaomi 12', 15990000, '6.28\" Full HD+\r\n', 'Điện thoại Xiaomi đang dần khẳng định chỗ đứng của mình trong phân khúc flagship bằng việc ra mắt Xiaomi 12 với bộ thông số ấn tượng, máy có một thiết kế gọn gàng, hiệu năng mạnh mẽ, màn hình hiển thị chi tiết cùng khả năng chụp ảnh sắc nét nhờ trang bị ống kính đến từ Sony.\r\nCầm nắm cực kỳ thoải mái\r\nẤn tượng đầu tiên khi mình nhìn điện thoại Xiaomi 12 là nó quá đẹp, các chi tiết được hoàn thiện một cách tỉ mỉ, cạnh viền được bo cong mềm mại và không thấy xuất hiện chi tiết thừa.\r\n\r\nVẻ ngoài sang trọng - Xiaomi 12\r\n\r\nBộ khung kim loại cứng cáp cùng mặt lưng kính cao cấp được hoàn thiện nhám mang lại khả năng hạn chế bám dấu vân tay, cũng như cho ra cảm giác cầm nắm rất thoải mái và chắc chắn.\r\n\r\nMặt lưng hoàn thiện nhám - Xiaomi 12\r\n\r\nXiaomi 12 đi ngược với xu hướng thiết kế vuông vức hiện nay nhằm mang đến cho người dùng trải nghiệm cầm nắm thoải mái nhất có thể, khi hai cạnh bên được hãng bo cong một cách mềm mại.\r\n\r\nCạnh viền bo cong mềm mại - Xiaomi 12\r\n\r\nMáy mang đến cho mình cảm giác rất êm ái khi sử dụng, tình trạng cấn tay gần như không xuất hiện cho dù sử dụng liên tục trong khoảng thời gian dài, cử chỉ vuốt màn hình từ cạnh ngoài vào trong trở nên nhanh chóng và trơn mượt hơn nhờ viền màn hình bo cong.\r\n\r\nSử dụng thoải mái - Xiaomi 12\r\n\r\nCụm loa được bố trí riêng lẻ ở hai đầu thiết bị cùng công nghệ âm thanh Dolby Atmos, cho ra trải nghiệm giải trí khi chơi game hay xem phim một cách sống động hơn.\r\n\r\nXem thêm: Công nghệ âm thanh Dolby Altmos là gì? Có những gì nổi bật?\r\n\r\nHỗ trợ âm thanh vòm - Xiaomi 12\r\n\r\nNhìn đã mắt với màn hình sắc nét\r\nXiaomi 12 được trang bị tấm nền AMOLED có kích thước 6.28 inch, mang lại màu sắc rực rỡ, hiển thị vùng tối có chiều sâu hơn cùng một không gian trình chiếu rộng lớn, giúp mình trải nghiệm các tác vụ xem phim, chơi game cực kỳ đã mắt.\r\n\r\nXem thêm: Màn hình AMOLED là gì? Có gì nổi bật? Thiết bị nào có màn hình AMOLED?\r\n\r\nSử dụng màn hình AMOLED - Xiaomi 12\r\n\r\nTrước lúc cầm qua máy thì mình khá hụt hẫng khi biết độ phân giải màn hình trên Xiaomi 12 được “cải lùi” so với thế hệ tiền nhiệm, nhưng khi cầm thiết bị trên tay thì mình thấy máy hiển thị rất chi tiết và gần như không kém cạnh quá nhiều so với điện thoại Xiaomi 11 (màn hình 2K+).\r\n\r\nĐược biết, thì đây là do kích thước màn hình của Xiaomi 12 nhỏ hơn giúp mật độ điểm ảnh tăng cao lên đến 419 ppi, kết hợp cùng những công nghệ hiển thị tiên tiến được nâng cấp, cho ra hình ảnh vô cùng sắc nét và đẹp mắt.\r\n\r\nMàn hình hiển thị chi tiết - Xiaomi 12\r\n\r\nXiaomi 12 có các thông số về màu sắc như: Công nghệ True Color, độ bao phủ màu DCI-P3, cùng khả năng hiển thị 68 tỷ màu, đem lại độ chính xác về màu khá cao giúp mình an tâm hơn trên các công việc chỉnh sửa hình ảnh, hỗ trợ việc in ấn cực tốt.\r\n\r\nXem thêm: Độ bao phủ màu DCI-P3 là gì?\r\n\r\nĐộ chính xác màu sắc cao - Xiaomi 12\r\n\r\nHỗ trợ tần số quét 120 Hz mang lại cho mình cảm giác vuốt chạm rất trơn tru cho các tác vụ lướt web, đa nhiệm hay chơi game với hình ảnh hiển thị trông mượt mà và bắt mắt hơn.\r\n\r\nVuốt chạm mượt mà - Xiaomi 12\r\n\r\nMáy trang bị 3 camera có độ phân giải cao\r\nỞ chế độ chụp ảnh 50 MP cho ra các bức hình có độ chi tiết cao, màu sắc được tái hiện chân thực, ảnh sau khi zoom vẫn mang một chất lượng khá ổn, hỗ trợ cho việc hậu kỳ ảnh một cách tốt hơn.\r\n\r\nChụp ảnh ở chế độ thường - Xiaomi 12\r\n\r\nMáy mang lại các bức ảnh chụp ở buổi tối rất tốt nhờ ống kính chính có diện tích lớn giúp thu được nhiều ánh sáng hơn, để nâng cao chất lượng thì mình có bật \"Chế độ chụp đêm\"  giúp bức ảnh thu lại có độ chính xác về màu sắc cao hơn mà không bị hòa vào với nhau, hiện tượng lóe sáng cũng được cải thiện đáng kể.\r\n\r\nTính năng chụp đêm - Xiaomi 12\r\n\r\nNhờ trang bị camera góc siêu rộng 13 MP nên kết quả thu được có độ bao quát rộng lớn và sắc nét hơn, các góc của bức ảnh được máy xử lý khá tốt khi vật thể và quang cảnh không bị bóp méo quá nhiều làm mất đi tính chân thực.\r\n\r\nChụp ảnh góc siêu rộng - Xiaomi 12\r\n\r\nCamera thứ 3 mà hãng trang bị là camera macro 5 MP giúp mình có được các bức hình chụp cận có độ chi tiết tốt, bắt nét nhanh và màu sắc mang lại rất chân thực.\r\n\r\nChụp ảnh macro - Xiaomi 12\r\n\r\nPhần mặt trước trang bị camera selfie độ phân giải lên đến 32 MP, nước ảnh rất trong trẻo, màu da được tái tạo chân thực mà không bị bệt, cho ra những tấm hình làm mình cảm thấy rất là ưng ý.\r\n\r\nChụp ảnh selfie - Xiaomi 12\r\n\r\nTrải nghiệm mượt hầu hết các tác vụ\r\nCung cấp sức mạnh cho Xiaomi 12 là con chip thuộc top đầu trên bảng xếp hạng chipset mạnh mẽ dành cho smartphone (04/2022) đến từ nhà Qualcomm mang tên Snapdragon 8 Gen 1 8 nhân.\r\n\r\nĐể kiểm chứng sức mạnh trên máy thì mình có test qua hai phần mềm đo hiệu năng với số điểm như sau: 1205 (đơn nhân), 3405 (đa nhân) trên Benchmark và 12936 điểm cho ứng dụng PCMark.\r\n\r\nĐiểm số hiệu năng - Xiaomi 12\r\n\r\n*Benchmark bên trái và PCMark bên phải\r\n\r\nVới mức hiệu năng khủng như vậy giúp cho thiết bị thừa sức mang đến những trải nghiệm mượt mà trên các công việc hàng ngày như lướt web, xem phim, đọc tin tức. \r\n\r\nĐa nhiệm mượt mà - Xiaomi 12\r\n\r\nĐể đi sâu vào khả năng xử lý trên máy mạnh mẽ đến đâu thì mình đã chơi game trên Xiaomi qua 2 trò chơi phổ biến hiện nay như Liên Quân Mobile và PUBG Mobile, được xem là hai tựa game đòi hỏi về hiệu năng khá cao ở thời điểm hiện tại.\r\n\r\nĐầu tiên là Liên Quân Mobile, mình chơi với mức cấu hình cao nhất, hình ảnh hiển thị vô cùng đẹp mắt, đổ bóng nhân vật chân thực, không xuất hiện tình trạng khựng hay giật lag, tuy nhiên máy nóng lên khá nhanh khi chơi khoảng từ 15 - 20 phút ở mức cấu hình cao như vậy.\r\n\r\nTrải nghiệm Liên Quân Mobile - Xiaomi 12\r\n\r\nTiếp theo đó là tựa game PUBG Mobile với mức đồ họa tối đa có thể bật được là Ultra HD cùng tốc độ khung hình cực cao, mang lại hình ảnh sống động và chân thực, giúp mình nhận diện được kẻ địch ở khoảng cách xa, quan sát rõ nét từng chuyển động của đối thủ.\r\n\r\nCấu hình PUBG Mobile - Xiaomi 12\r\n\r\nTình trạng khựng nhẹ đôi lúc vẫn còn xuất hiện nhưng không đáng kể với tốc độ khung hình dao động loanh quanh 40 FPS, máy khá nóng ở vị trí gần cụm camera khi chơi lâu, để cho thiết bị được mát mẻ thì mình có chuyển mức cấu hình xuống HDR, cho thấy máy hoạt động ở mức FPS cao hơn, ổn định hơn và nhiệt độ cũng giảm đi đáng kể. \r\n\r\nChiến tốt PUBG Mobile - Xiaomi 12\r\n\r\nĐiện thoại có RAM 8 GB, đem lại khả năng xử lý đa nhiệm phải gọi là “mướt mườn mượt”, khựng máy khi mở nhiều ứng dụng cùng một lúc là điều dường như không xuất hiện ở sản phẩm này trong lúc mình sử dụng.\r\n\r\nTrang bị 8 GB RAM - Xiaomi 12\r\n\r\nThời lượng sử dụng lâu dài\r\nĐiện thoại trang bị viên pin có dung lượng 4500 mAh được xem là khá ổn, đáp ứng thời lượng on screen hơn 7 tiếng* cho các tác vụ chơi game, lướt youtube, facebook và sử dụng trình duyệt.\r\n\r\nThời lượng sử dụng - Xiaomi 12\r\n\r\nVới công nghệ sạc nhanh 67 W có khả năng lấp đầy viên pin từ 0 - 100% chỉ trong 50 phút*, giúp bạn quay lại công việc hay các tác vụ giải trí một cách nhanh chóng mà không mất quá nhiều thời gian chờ đợi.\r\n\r\nHỗ trợ sạc pin nhanh - Xiaomi 12\r\n\r\n*Thời gian sử dụng/sạc có thể thay đổi tùy vào tác vụ và nhiệt độ của máy\r\n\r\nQua những trải nghiệm bên trên, Xiaomi 12 hoàn toàn xứng đáng với mức giá trang bị bởi những trải nghiệm tuyệt vời mà nó mang lại, là một người dùng quen thuộc với hệ điều hành Android, đam mê chơi game hiệu năng cao và yêu thích một thiết bị có vẻ ngoài cao cấp thì đây là một lựa chọn không thể bỏ qua.', 0),
(8, 1, 0, 'https://cdn.tgdd.vn/Products/Images/42/229949/samsung-galaxy-z-flip-3-5-4.jpg', 'Samsung Galaxy Z Flip3 5G 128GB', 14990000, 'Chính 6.7\" & Phụ 1.9\"', 'Trong sự kiện Galaxy Unpacked hồi 11/8, Samsung đã chính thức trình làng mẫu điện thoại màn hình gập thế hệ mới mang tên Samsung Galaxy Z Flip3 5G 128GB. Đây là một siêu phẩm với màn hình gập dạng vỏ sò cùng nhiều điểm cải tiến và thông số ấn tượng, sản phẩm chắc chắn sẽ thu hút được rất nhiều sự quan tâm của người dùng, đặc biệt là phái nữ.\r\nThiết kế hiện đại cùng màu sắc thời trang\r\nGalaxy Z Flip 3 sở hữu cơ cấu gập theo chiều dọc xịn sò, tạo ra chiếc smartphone khác biệt so với phần còn lại, có thể đóng lại gọn gàng khi không sử dụng để bạn thuận tiện mang theo bên mình.\r\n\r\nĐiện thoại Samsung Galaxy Z Flip3 5G 128GB | Thiết kế hiện đại cùng nhiều màu sắc thời trang\r\n\r\nKết hợp cùng khung nhôm bo tròn nhẹ nhàng tạo cảm giác cao cấp và tinh tế khi chạm vào, đồng thời bạn không còn phải lo lắng về việc để lại dấu vân tay khi Samsung đã phủ một lớp nhám nhẹ để hoàn thiện cho phần kính này.\r\n\r\nĐiện thoại Samsung Galaxy Z Flip3 5G 128GB | Khung viền nhôm cao cấp, thời trang\r\n\r\nThiết bị còn được Samsung ưu ái khi cung cấp nhiều màu sắc như: Kem, đen, tím, xanh lá đậm thoải mái cho người dùng lựa chọn để phù hợp với phong cách của bản thân. Ngoài ra, Mặt lưng của chiếc máy này còn được thiết kế 2 tông màu trông rất bắt mắt.\r\n\r\nĐiện thoại Samsung Galaxy Z Flip3 5G 128GB | Nhiều màu sắc hiện đại, thời trang\r\n\r\nỞ màn hình chính, Z Flip3 được trang bị kính siêu mỏng Ultra Thin Glass (UTG), cho bạn trải nghiệm sự linh hoạt không tưởng với độ bền hơn 80% khi so với phiên bản Galaxy Z Flip LTE và có khả năng gập mở đến 200.000 lần.\r\n\r\nĐiện thoại Samsung Galaxy Z Flip3 5G 128GB | Bộ khung viền cao cấp, cho khả năng sử dụng bền bỉ theo thời gian\r\n\r\nMượt mà trong từng khung hình\r\nGalaxy Z Flip3 5G được trang bị màn hình chất lượng cao Dynamic AMOLED 2X có kích thước 6.7 inch giúp cho hình ảnh đang xem trở nên sống động và sắc nét.\r\n\r\nĐiện thoại Samsung Galaxy Z Flip3 5G 128GB | Màn hình gập siêu tràn viền ấn tượng\r\n\r\nKhi gập điện thoại lại, bên cạnh cụm camera có sự xuất hiện một màn hình phụ 1.9 inch lớn hơn phiên bản Z Flip tiền nhiệm giúp hiển thị tin nhắn, thông báo, thời gian, thời tiết chi tiết hơn.\r\n\r\nĐiện thoại Samsung Galaxy Z Flip3 5G 128GB | Nâng cấp màn hình phụ hiển thị được nhiều thông tin\r\n\r\nThiết bị cũng sẽ được trang bị tốc độ làm mới lên đến 120 Hz giúp người dùng tận hưởng trải nghiệm màn hình liền mạch và mượt mà trong cuộc sống hàng ngày.\r\n\r\nĐiện thoại Samsung Galaxy Z Flip3 5G 128GB | Khả năng điều chỉnh tần số quét lên 120Hz siêu mượt mà\r\n\r\nCảm biến vân tay cũng đã được tích hợp vào phím nguồn, vì vậy người dùng có thể bật và mở khóa cùng một lúc, việc truy cập điện thoại chưa bao giờ thông minh, tiện lợi đến thế.\r\n\r\nĐiện thoại Samsung Galaxy Z Flip3 5G 128GB | Cảm biến vân tay ở cạnh viền\r\n\r\nHiệu suất tuyệt vời\r\nGalaxy Z Flip3 5G sẽ hoạt động mượt mà với chip Snapdragon 888 5 nm, đi kèm RAM 8 GB hứa hẹn sẽ mang đến trải nghiệm tốt nhất cho người dùng.\r\n\r\nĐiện thoại Samsung Galaxy Z Flip3 5G 128GB | Hiệu suất tuyệt vời\r\n\r\nVới vi xử lý mạnh mẽ sẽ giúp máy trở nên mượt mà vô cùng ấn tượng, không một tựa game hay ứng dụng nặng nào có thể làm khó được con chip này. Kết hợp cùng GPU Adreno 660 cho khả năng xử lý đồ họa và các tác vụ được diễn ra nhanh chóng nhất có thể.\r\n\r\nĐiện thoại Samsung Galaxy Z Flip3 5G 128GB | Trải nghiệm mượt mà trong mọi tác vụ\r\n\r\nBộ nhớ trong 128 GB cho không gian lưu trữ khá ổn, tải xuống những bộ phim truyền hình dài tập yêu thích hoặc chụp nhiều ảnh và video tùy thích mà không lo đầy bộ nhớ.\r\n\r\nĐiện thoại Samsung Galaxy Z Flip3 5G 128GB | Bộ nhớ trong dung lượng lớn, thoải mái sử dụng\r\n\r\nMọi tác vụ ở môi trường internet được xử lý mượt mà với tốc độ mạng 5G cực kì nhanh chóng. Bạn sẽ hoàn toàn hài lòng bởi mọi yêu cầu đều được thực hiện ngay trong nháy mắt mà không mất thời gian chờ đợi.\r\n\r\nĐiện thoại Samsung Galaxy Z Flip3 5G 128GB | Điểm hiệu năng Antutu Benmark\r\n\r\nMáy sẽ chạy trên giao diện One UI 3.1.1 dựa trên hệ điều hành Android 11 ngay khi ra mắt, hỗ trợ nhiều tính năng nổi bật cho người dùng tha hồ khám phá.\r\n\r\nĐiện thoại Samsung Galaxy Z Flip3 5G 128GB | Giao diện các ứng dụng\r\n\r\nGalaxy Z Flip3 5G sẽ bảo vệ tối đa dữ liệu trong thời gian thực với nền tảng bảo mật đa lớp hoàn thiện nhất với Samsung Knox.\r\n\r\nĐiện thoại Samsung Galaxy Z Flip3 5G 128GB | Khả năng bảo mật bằng Samsung Knox\r\n\r\nNhiếp ảnh siêu chất\r\nĐiện thoại Samsung Galaxy Z này có sự thay đổi về bố cục cụm camera sau, giờ đây 2 máy ảnh sẽ được đặt dọc thay vì đặt nằm ngang như mẫu trước đó. Hệ thống ống kính bao gồm một cảm biến chính 12 MP và một camera siêu rộng 12 MP. \r\n\r\nĐiện thoại Samsung Galaxy Z Flip3 5G 128GB | Thiết kế camera sau\r\n\r\nKhả năng quay video được Samsung rất chú trọng với độ phân giải 4K cực đỉnh cùng chế độ Flex Mode cho phép Galaxy Z Flip3 5G \"đứng vững\" trên bề mặt phẳng giúp giảm hiện tượng giật màn hình một cách hiệu quả cho những khoảnh khắc đời thường được thể hiện một cách mượt mà hơn.\r\n\r\nĐiện thoại Samsung Galaxy Z Flip3 5G 128GB | Tính năng Flexmode \r\n\r\nĐừng để bóng tối làm lu mờ vẻ đẹp của bạn. Z Flip3 luôn chú ý vào bạn và lấy nét từng chuyển động của bạn với công nghệ chụp đêm tiên tiến, không bao giờ là quá muộn để có được những bức ảnh ban đêm tuyệt đẹp, ngay cả khi bên ngoài trời tối đen như mực.\r\n\r\nĐiện thoại Samsung Galaxy Z Flip3 5G 128GB | Ảnh chụp từ camera\r\n\r\nKhông những vậy, thiết bị còn khả năng zoom kỹ thuật số cho bạn dễ dàng ghi lại chi tiết cuộc biểu diễn trên sân khấu hay các địa danh ở xa ngoài tầm với một cách rõ nét tuyệt vời.\r\n\r\nMàn hình chính của Galaxy Z Flip3 có thiết kế đục lỗ với camera selfie 10 MP được tăng cường bởi công nghệ làm đẹp thông minh giúp các đặc điểm trên khuôn mặt từ tông màu da đến trang điểm đều được làm đẹp một cách cẩn thận.\r\n\r\nĐiện thoại Samsung Galaxy Z Flip3 5G 128GB | Camera selfie trong màn hình\r\n\r\nLuôn bên bạn mọi lúc\r\nViên pin 3300 mAh mặc dù không quá ấn tượng nhưng cũng đủ để có thể trải nghiệm lâu dài. Ngoài ra, Galaxy Z Flip3 5G còn có khả năng sạc 15 W và hỗ trợ sạc không dây hiện đại.\r\n\r\nĐiện thoại Samsung Galaxy Z Flip3 5G 128GB | Thời lượng pin ấn tượng\r\n\r\nMáy còn có tính năng đặc biệt đó là dịch vụ thanh toán Samsung Pay dành cho riêng cho điện thoại Samsung, giúp bạn dễ dàng thanh toán tại mọi điểm mua sắm, giải trí một cách cực kỳ tiện lợi và nhanh chóng thông qua kết nối NFC. \r\n\r\nĐiện thoại Samsung Galaxy Z Flip3 5G 128GB | Khả năng thanh toán nhanh bằng Samsung Pay\r\n\r\nCó thể thấy Samsung đã tạo ra cỗ máy thực sự hữu ích trong sử dụng thường ngày, chứ không chỉ để cho đẹp, cho ấn tượng nữa. Chắc chắn sẽ mang lại tầm đẳng cấp cho người sở hữu và nó còn có thể đáp ứng những nhu cầu khó nhất trên chiếc smartphone.', 0);
INSERT INTO `products` (`id`, `id_category`, `featured`, `thumbnail`, `name`, `price`, `short_des`, `descript`, `favorite`) VALUES
(9, 1, 0, 'https://cdn.tgdd.vn/Products/Images/42/250622/oppo-find-x5-pro-4.jpg', 'OPPO Find X5 Pro 5G', 32990000, '6.7\" Quad HD+ (2K+)', 'OPPO Find X5 Pro 5G có lẽ là cái tên sáng giá được xướng tên trong danh sách điện thoại có thiết kế ấn tượng trong năm 2022. Máy được hãng cho ra mắt với một diện mạo độc lạ chưa từng có, cùng với đó là những nâng cấp về chất lượng ở camera nhờ sự hợp tác với nhà sản xuất máy ảnh Hasselblad. \r\nTỏa sáng với ngoại hình bắt mắt đầy sang trọng\r\nĐiều làm mình mê hoặc ngay từ cái nhìn đầu tiên là mặt lưng hết sức bóng bẩy, với phiên bản màu đen thì mình hoàn toàn có thể sử dụng chiếc máy với công dụng tương tự như một chiếc gương soi tiện ích.\r\n\r\nThiết kế bóng bẩy - OPPO Find X5 Pro 5G\r\n\r\nKhác với phần lớn điện thoại khác trên thị trường, Find X5 Pro 5G được chế tạo phần mặt lưng từ vật liệu gốm cao cấp, trải qua 14 quy trình với hơn 269 phút đánh bóng để đạt được độ nhẵn mịn, tạo cho mình một cảm giác cầm nắm chắc chắn hơn bởi độ bám dính cao.\r\n\r\nCầm nắm chắc chắn - OPPO Find X5 Pro 5G\r\n\r\nBên cạnh đó, mặt lưng gốm cũng có khả năng hạn chế được các vết xước dăm nhẹ tốt hơn so với những vật liệu khác, điều này giúp cho mình an tâm hơn trong quá trình sử dụng khi đặt máy lên trên bề mặt hay để chung thiết bị cùng với nhiều vật dụng khác mà không quá lo lắng.\r\n\r\nHạn chế trầy xước - OPPO Find X5 Pro 5G\r\n\r\nCụm camera trên Find X5 Pro được hãng thiết kế đồng nhất với phần mặt lưng nhằm cho ra một cái nhìn liền mạch, cùng với “hiệu ứng nổi” bo cong ở phần tiếp giáp làm cho mình liên tưởng như cụm camera được “trồi lên” trông rất sống động.\r\n\r\nNgoại hình cao cấp - OPPO Find X5 Pro 5G\r\n\r\nFind X5 Pro được bao bọc bởi một bộ khung kim loại chắc chắn giúp cho thiết bị được bền bỉ hơn theo thời gian. Bên cạnh đó OPPO cũng khá tinh tế khi tạo hình phần khung được bo cong, mang lại cho mình một cảm giác cầm nắm êm tay và dễ chịu.\r\n\r\nCầm nắm dễ chịu - OPPO Find X5 Pro 5G\r\n\r\nMàn hình trên Find X5 Pro được OPPO thiết kế có hơi bo cong nhẹ và tràn về phía mặt lưng, nhờ vậy mà mình thao tác vuốt từ viền màn hình vào trong được mượt hơn.\r\n\r\nMàn hình bo cong - OPPO Find X5 Pro 5G\r\n\r\nQua một thời gian sử dụng thì mình nhận ra một số điểm như: Mặt lưng thường xuyên bám dấu vân tay, vì được làm từ gốm nên khá là dễ vỡ và cần sử dụng một cách cẩn thận hơn. Nếu muốn an tâm hơn nữa thì bạn có thể sử dụng ốp lưng được hãng tặng kèm để bảo vệ thiết bị một cách toàn diện hơn.\r\n\r\nTrang bị ốp lưng - OPPO Find X5 Pro 5G\r\n\r\nKhông đơn thuần là một chiếc điện thoại, OPPO Find X5 Pro 5G còn được xem như một món phụ kiện thời trang cao cấp, làm cho mình cảm thấy tự tin hơn khi cầm nắm trên tay.\r\n\r\nThiết kế chuẩn doanh nhân - OPPO Find X5 Pro 5G\r\n\r\nSở hữu khả năng quay - chụp chuẩn điện ảnh\r\nVề phần thông số máy ảnh, OPPO Find X5 Pro 5G được trang bị ba camera sau với camera chính 50 MP, camera góc siêu rộng 50 MP và cuối cùng là cảm biến phụ 13 MP.\r\n\r\nTrang bị bên trong bộ vi xử lý hình ảnh NPU mang tên MariSilicon X được OPPO nghiên cứu, giúp tại hiện hình ảnh một cách chân thực và sống động.\r\n\r\nThông số camera ấn tượng - OPPO Find X5 Pro 5G\r\n\r\nMột tính năng thú vị mà mình mình lần đầu tiên trải nghiệm là chế độ chụp ảnh “XPAN”, tấm ảnh mà mình chụp được có khung hình mở rộng sang hai bên, điều này giúp mình bắt lại quang cảnh một cách toàn diện và bao quát hơn hẳn.\r\n\r\nChụp ảnh XPAN - OPPO Find X5 Pro 5G\r\n\r\nVới những bạn thích chụp ảnh có chủ đề trắng đen, thì tính năng bộ lọc màu này sẽ giúp bạn có được những bức ảnh theo ý thích mà không cần tốn thêm thời gian chỉnh sửa - hậu kỳ.\r\n\r\nẢnh chụp trắng đen - OPPO Find X5 Pro 5G\r\n\r\nChụp ảnh vào ban đêm cũng là một lợi thế trên OPPO Find X5 Pro 5G so với những đối thủ, với khả năng tự động cân bằng ánh sáng một cách thông minh giúp cho tổng quan bức ảnh được hài hòa hơn, hiện tượng lóe sáng và nhiễu hạt cũng được cải thiện đi đáng kể so với phiên bản cùng dòng được ra mắt trước đó.\r\n\r\nẢnh chụp ban đêm - OPPO Find X5 Pro 5G\r\n\r\nVới chế độ chụp ảnh thường ở ngoài trời, quang cảnh có tối một chút nhưng kết quả thu được vẫn rõ ràng và sáng đều, tổng quan bức hình nhìn rất nịnh mắt và gần như không bắt gặp tình trạng nhòe ảnh nhờ tốc độ bắt nét nhanh.\r\n\r\nẢnh chụp ngoài trời - OPPO Find X5 Pro 5G\r\n\r\nMột tính năng rất hay mà người dùng không nên bỏ qua là “chế độ đường phố”, công sức sau một hồi chờ đợi của mình cũng được đền đáp bằng một tấm ảnh rất nghệ thuật. Với chất lượng cao như vậy làm mình liên tưởng đến những tấm hình chụp từ ảnh DSLR.\r\n\r\nẢnh chụp bằng chế độ đường phố - OPPO Find X5 Pro 5G\r\n\r\nVới sự tham gia tinh chỉnh màu sắc cùng với nhà sản xuất máy ảnh Hasselblad, OPPO Find X5 Pro 5G giúp mình có được những bức hình có độ chuẩn xác về màu sắc cao, ảnh nhìn rực rỡ và hết sức đã mắt.\r\n\r\nMàu sắc rực rỡ - OPPO Find X5 Pro 5G\r\n\r\nXem thêm đánh giá chi tiết camera: OPPO Find X5 Pro 5G by Hasselblad Đắm chìm trong từng khoảnh khắc kỷ niệm ở Sài Gòn\r\n\r\nHiển thị sắc nét từng khung hình\r\nOPPO Find X5 Pro 5G sử dụng công nghệ màn hình AMOLED tiên tiến, sau khi sử dụng một thời gian thì mình cảm thấy rất là dễ chịu và gần như không bị mỏi mắt như trên những tấm nền LCD thông thường, được biết thì đây là kết quả của tính năng hạn chế ánh sáng xanh trên tấm nền mang lại.\r\n\r\nXem thêm: Màn hình AMOLED là gì? Có gì nổi bật? Thiết bị nào có màn hình AMOLED?\r\n\r\nMàn hình chất lượng - OPPO Find X5 Pro 5G\r\n\r\nMàn hình của máy có độ phân giải lên đến 2K+ (1440 x 3216 Pixels), nhờ vậy mà những nội dung chiếu trên màn hình được tái hiện sắc nét cho dù là chi tiết nhỏ, với một người thường xuyên chơi những tựa game sinh tồn thì đây là một lợi thế rất lớn so với đối thủ.\r\n\r\nFind X5 Pro sử dụng kiểu thiết kế màn hình đục lỗ, cùng viền màn hình được tối ưu rất mỏng và gần như sát cạnh, nhằm mang đến kích thước hiển thị lên đến 6.7 inch.\r\n\r\nMàn hình kích thước lớn - OPPO Find X5 Pro 5G\r\n\r\nVới một kích thước màn hình lớn nên các tác vụ đọc văn bản của mình được diễn ra rất nhanh chóng khi nhiều nội dung được hiển thị cùng một lúc, không những thế nó còn giúp quá trình thao tác phím khi chơi game không bị bấm nhầm như trên những chiếc màn hình khác.\r\n\r\nKhông gian thao tác rộng rãi - OPPO Find X5 Pro 5G\r\n\r\nTần số quét cao có lẽ là điều không thể thiếu trên những dòng flagship và OPPO Find X5 Pro 5G cũng vậy, ở phiên bản này máy được trang bị tần số quét 120 Hz nên các thao tác vuốt/chạm diễn ra nhanh chóng, bên cạnh đó nó còn giúp cho việc chơi những tựa game FPS cao được đã mắt hơn bao giờ hết.\r\n\r\nThao tác mượt mà - OPPO Find X5 Pro 5G\r\n\r\nHiệu năng hàng đầu với khả năng chiến game mượt mà\r\nCung cấp sức mạnh cho OPPO Find X5 Pro 5G là con chip Snapdragon 8 Gen 1 thuộc top đầu về hiệu năng xử lý trên thị trường di động (2022), mình đã kiểm chứng sức mạnh của máy qua hai phần mềm đo hiệu năng thường dùng và kết quả có được như sau: 1228 (đơn nhân), 3189 (đa nhân) trên Benchmark và 10480 trên PCMark.\r\n\r\nĐiểm hiệu năng - OPPO Find X5 Pro 5G\r\n\r\n*Điểm đánh giá hiệu năng\r\n\r\nVới một hiệu năng mạnh mẽ như trên thì việc xử lý những tác vụ cơ bản như: Lướt web, xem phim, chỉnh sửa ảnh hay thậm chị chơi game Liên Quân Mobile ở mức cấu hình cao đi nữa cũng đều được máy xử lý mượt mà, tốc độ khung hình đo được loanh quanh 60 FPS và thường xuyên vượt ngưỡng.\r\n\r\nTốc độ khung hình - OPPO Find X5 Pro 5G\r\n\r\n*Mức đo FPS trên Liên Quân Mobile\r\n\r\nTựa game tiếp theo mà mình chơi qua là PUBG Mobile ở mức đồ họa Ultra HD và tốc độ khung hình cực cao, nhờ vậy mà chất lượng ảnh hiển thị được sắc nét hơn, hình ảnh nhân vật hay quang cảnh đều được đổ bóng, cho ra một cái nhìn chân thật như đang theo dõi và điều khiển một trận chiến ngoài đời thực.\r\n\r\nBảng cài đặt cấu hình - OPPO Find X5 Pro 5G\r\n\r\n*Cấu hình PUBG Mobile\r\n\r\nỞ mức đồ họa HDR và tốc độ khung hình cực độ, FPS tối đa mà mình đo được trên Find X5 Pro dao động từ 58 - 60, điều này giúp mình chiến game được trơn tru hơn và chưa gặp phải tình trạng giật lag, máy cũng không nóng lên nhiều làm cho mình cảm thấy dễ chịu và thoải mái sử dụng.\r\n\r\nTốc độ khung hình - OPPO Find X5 Pro 5G\r\n\r\n*Mức đo FPS trên PUBG Mobile\r\n\r\nTiếp đến là một tựa game đòi hỏi về hiệu năng của máy rất cao đó chính là Genshin Impact, với mức đồ họa trung bình thì Find X5 Pro xử lý cũng tương đối nhẹ nhàng, các thao tác di chuyển hay đánh quái đều được tái hiện đẹp mắt và trơn tru, tình trạng khựng nhẹ cũng ít khi xảy ra, tốc độ khung hình dao động ở mức loanh quanh 30 FPS.\r\n\r\nTốc độ khung hình - OPPO Find X5 Pro 5G\r\n\r\n*Mức đo FPS trên Ghensin Impact\r\n\r\nĐiện thoại có RAM 12 GB cùng một con chip hiệu năng mạnh mẽ, giúp mình sử dụng các tác vụ đa nhiệm hết sức mượt mà, hiện tượng tải lại ứng dụng cũng rất ít khi xảy ra, được xem là một điều rất được quan tâm đối với những ai hay sử dụng nhiều app cùng một lúc như cá nhân mình.\r\n\r\nĐa nhiệm mượt mà - OPPO Find X5 Pro 5G\r\n\r\nSử dụng dài lâu với pin trâu cực khủng\r\nBên trong một chiếc điện thoại có cấu hình khủng thì viên pin cũng phải thuộc hàng siêu trâu mới đem lại thời gian sử dụng lâu dài, vì vậy nên OPPO đã trang bị cho Find X5 Pro một viên pin có dung lượng lên đến 5000 mAh, qua một ngày sử dụng thực tế thì mình thấy máy đáp ứng cho mình gần 8 giờ* on-screen cho các tác vụ xem phim, chơi game, lướt web.\r\n\r\nThời lượng sử dụng lâu dài - OPPO Find X5 Pro 5G\r\n\r\nMột điểm mà mình ấn tượng tiếp theo là về thời gian sạc trên Find X5 Pro, chỉ mất có 42 phút* là có thể lấp đầy từ 0 - 100% pin nhờ công nghệ sạc siêu nhanh SuperVOOC 80 W, với những trường hợp cần thiết thì mình chỉ mất 20 phút sạc là có thể tự tin sử dụng máy trên các tác vụ liên lạc cho cả ngày dài.\r\n\r\nXem thêm: Công nghệ sạc nhanh Super VOOC của OPPO là gì? Có đặc điểm gì nổi bật?\r\n\r\nSạc pin nhanh chóng - OPPO Find X5 Pro 5G\r\n\r\n*Thời gian sạc, sử dụng có thể thay đổi tùy theo nhu cầu, tác vụ sử dụng.\r\n\r\nOPPO Find X5 Pro 5G được xem là chiếc điện thoại toàn diện khi sở hữu cho mình một bộ thông số ấn tượng từ hiệu năng cho đến khả năng chụp ảnh, với ngoại hình đẹp mắt giúp cho thiết bị trở thành một món phụ kiện thời trang cao cấp phù hợp với khách hàng là doanh nhân hay những ai yêu thích những sản phẩm có thiết kế thanh lịch.', 0),
(11, 2, 1, 'https://cdn.sforum.vn/sforum/wp-content/uploads/2020/11/gPvyaz76tASn87RCGuSdDc.jpg', 'MacBook Air M1 2020 7-core GPU', 29290000, 'RAM 16 GB SSD 256 GB', 'Bộ xử lý\r\n\r\nCông nghệ CPU:\r\n\r\nApple M1\r\nSố nhân:\r\n\r\n8\r\nSố luồng:\r\n\r\nHãng không công bố\r\nTốc độ CPU:\r\n\r\nHãng không công bố\r\nTốc độ tối đa:\r\n\r\nHãng không công bố\r\nBộ nhớ đệm:\r\n\r\nHãng không công bố\r\nBộ nhớ RAM, Ổ cứng\r\n\r\nRAM:\r\n\r\n16 GB\r\nLoại RAM:\r\n\r\nHãng không công bố\r\nTốc độ Bus RAM:\r\n\r\nHãng không công bố\r\nHỗ trợ RAM tối đa:\r\n\r\nKhông hỗ trợ nâng cấp\r\nỔ cứng:\r\n\r\n256 GB SSD\r\nMàn hình\r\n\r\nMàn hình:\r\n\r\n13.3 inch\r\nĐộ phân giải:\r\n\r\nRetina (2560 x 1600)\r\nTần số quét:\r\n\r\nHãng không công bố\r\nCông nghệ màn hình:\r\n\r\n400 nits\r\n\r\nCông nghệ IPS\r\n\r\nLED Backlit\r\n\r\nTrue Tone Technology\r\n\r\nĐồ họa và Âm thanh\r\n\r\nCard màn hình:\r\n\r\nCard tích hợp - 7 nhân GPU\r\nCông nghệ âm thanh:\r\n\r\n3 microphones\r\n\r\nHeadphones\r\n\r\nLoa kép (2 kênh)\r\n\r\nCổng kết nối & tính năng mở rộng\r\n\r\nCổng giao tiếp:\r\n\r\n2 x Thunderbolt 3 (USB-C)Jack tai nghe 3.5 mm\r\nKết nối không dây:\r\n\r\nBluetooth 5.0Wi-Fi 6 (802.11ax)\r\nWebcam:\r\n\r\n720p FaceTime Camera\r\nTính năng khác:\r\n\r\nBảo mật vân tay\r\nĐèn bàn phím:\r\n\r\nCó\r\nKích thước & trọng lượng\r\n\r\nKích thước, trọng lượng:\r\n\r\nDài 304.1 mm - Rộng 212.4 mm - Dày 4.1 mm đến 16.1 mm - Nặng 1.29 kg\r\nChất liệu:\r\n\r\nVỏ kim loại nguyên khối\r\nThông tin khác\r\n\r\nThông tin Pin:\r\n\r\nKhoảng 10 tiếng\r\nHệ điều hành:\r\n\r\nMac OS\r\nThời điểm ra mắt:\r\n\r\n2020', 1),
(12, 2, 1, 'https://cdn.tgdd.vn/Files/2022/02/04/1414017/screen-_1366x768-800-resize.jpg', 'Dell Gaming Alienware m15 R6 i7 11800H (70272633)', 58310000, 'RAM 32 GB SSD 1 TB', 'Bộ xử lý\r\n\r\nCông nghệ CPU:\r\n\r\nIntel Core i7 Tiger Lake - 11800H\r\nSố nhân:\r\n\r\n8\r\nSố luồng:\r\n\r\n16\r\nTốc độ CPU:\r\n\r\n2.30 GHz\r\nTốc độ tối đa:\r\n\r\nTurbo Boost 4.6 GHz\r\nBộ nhớ đệm:\r\n\r\n24 MB\r\nBộ nhớ RAM, Ổ cứng\r\n\r\nRAM:\r\n\r\n32 GB\r\nLoại RAM:\r\n\r\nDDR4 2 khe (1 khe 16GB + 1 khe 16GB)\r\nTốc độ Bus RAM:\r\n\r\n3200 MHz\r\nHỗ trợ RAM tối đa:\r\n\r\nKhông hỗ trợ nâng cấp\r\nỔ cứng:\r\n\r\n1 TB SSD M.2 PCIe (Có thể tháo ra, lắp thanh khác tối đa 2TB)Hỗ trợ thêm 1 khe cắm SSD M.2 PCIe mở rộng (nâng cấp tối đa 2TB)\r\nMàn hình\r\n\r\nMàn hình:\r\n\r\n15.6 inch\r\nĐộ phân giải:\r\n\r\nQHD (2560 x 1440)\r\nTần số quét:\r\n\r\n240 Hz\r\nCông nghệ màn hình:\r\n\r\n400 nits\r\n\r\n99% DCI-P3\r\n\r\nWVA\r\n\r\nĐồ họa và Âm thanh\r\n\r\nCard màn hình:\r\n\r\nCard rời - NVIDIA GeForce RTX 3070, 8 GB\r\nCông nghệ âm thanh:\r\n\r\nHigh Definition (HD) AudioNahimic Audio\r\nCổng kết nối & tính năng mở rộng\r\n\r\nCổng giao tiếp:\r\n\r\n3 x USB 3.2\r\n\r\nHDMI\r\n\r\nJack tai nghe 3.5 mm\r\n\r\nLAN (RJ45)\r\n\r\nUSB Type-C\r\n\r\nKết nối không dây:\r\n\r\nBluetooth 5.0Wi-Fi 6 (802.11ax)\r\nWebcam:\r\n\r\nHD webcam\r\nTính năng khác:\r\n\r\nĐèn bàn phím chuyển màu RGB\r\nĐèn bàn phím:\r\n\r\nCó\r\nKích thước & trọng lượng\r\n\r\nKích thước, trọng lượng:\r\n\r\nDài 356 mm - Rộng 272 mm - Dày 19 mm - Nặng 2.69 kg\r\nChất liệu:\r\n\r\nVỏ nhựa\r\nThông tin khác\r\n\r\nThông tin Pin:\r\n\r\n6-cell Li-ion, 86 Wh\r\nHệ điều hành:\r\n\r\nWindows 11 Home SL + Office Home & Student vĩnh viễn\r\nThời điểm ra mắt:\r\n\r\n2021', 1),
(13, 2, 1, 'https://www.notebookcheck.net/fileadmin/_processed_/c/3/csm_AKA8518_984be0479c.jpg', 'MacBook Pro M2 2022 10-core GPU', 38490000, 'RAM 8 GB SSD 512 GB', 'Bộ xử lý\r\n\r\nCông nghệ CPU:\r\n\r\nApple M2\r\nSố nhân:\r\n\r\n8\r\nSố luồng:\r\n\r\nHãng không công bố\r\nTốc độ CPU:\r\n\r\n100GB/s memory bandwidth\r\nTốc độ tối đa:\r\n\r\nHãng không công bố\r\nBộ nhớ đệm:\r\n\r\nHãng không công bố\r\nBộ nhớ RAM, Ổ cứng\r\n\r\nRAM:\r\n\r\n8 GB\r\nLoại RAM:\r\n\r\nHãng không công bố\r\nTốc độ Bus RAM:\r\n\r\nHãng không công bố\r\nHỗ trợ RAM tối đa:\r\n\r\nKhông hỗ trợ nâng cấp\r\nỔ cứng:\r\n\r\n512 GB SSD\r\nMàn hình\r\n\r\nMàn hình:\r\n\r\n13.3 inch\r\nĐộ phân giải:\r\n\r\nRetina (2560 x 1600)\r\nTần số quét:\r\n\r\nHãng không công bố\r\nCông nghệ màn hình:\r\n\r\n500 nits brightness\r\n\r\nRetina\r\n\r\nTrue Tone Technology\r\n\r\nTấm nền IPS\r\n\r\nWide color (P3)\r\n\r\nĐồ họa và Âm thanh\r\n\r\nCard màn hình:\r\n\r\nCard tích hợp - 10 nhân GPU\r\nCông nghệ âm thanh:\r\n\r\n3 microphones\r\n\r\nDolby Atmos\r\n\r\nLoa kép (2 kênh)\r\n\r\nWide stereo sound\r\n\r\nCổng kết nối & tính năng mở rộng\r\n\r\nCổng giao tiếp:\r\n\r\n2 x Thunderbolt 3Jack tai nghe 3.5 mm\r\nKết nối không dây:\r\n\r\nBluetooth 5.0Wi-Fi 6 (802.11ax)\r\nWebcam:\r\n\r\n720p FaceTime Camera\r\nTính năng khác:\r\n\r\nBảo mật vân tay\r\nĐèn bàn phím:\r\n\r\nCó\r\nKích thước & trọng lượng\r\n\r\nKích thước, trọng lượng:\r\n\r\nDài 304.1 mm - Rộng 212.4 mm - Dày 15.6 mm - Nặng 1.4 kg\r\nChất liệu:\r\n\r\nVỏ kim loại\r\nThông tin khác\r\n\r\nThông tin Pin:\r\n\r\nKhoảng 10 tiếng\r\nHệ điều hành:\r\n\r\nMac OS\r\nThời điểm ra mắt:\r\n\r\n6/2022', 1),
(14, 2, 1, 'https://www.giaonhan247.com/wp-content/uploads/2021/12/legion.jpg', 'Lenovo Gaming Legion 5 15ITH6 i7 11800H', 32990000, 'RAM 16 GB SSD 512', 'Bộ xử lý\r\n\r\nCông nghệ CPU:\r\n\r\nIntel Core i7 Tiger Lake - 11800H\r\nSố nhân:\r\n\r\n8\r\nSố luồng:\r\n\r\n16\r\nTốc độ CPU:\r\n\r\n2.30 GHz\r\nTốc độ tối đa:\r\n\r\nTurbo Boost 4.6 GHz\r\nBộ nhớ đệm:\r\n\r\n24 MB\r\nBộ nhớ RAM, Ổ cứng\r\n\r\nRAM:\r\n\r\n16 GB\r\nLoại RAM:\r\n\r\nDDR4 2 khe (1 khe 8 GB + 1 khe 8 GB)\r\nTốc độ Bus RAM:\r\n\r\n3200 MHz\r\nHỗ trợ RAM tối đa:\r\n\r\n32 GB\r\nỔ cứng:\r\n\r\n512 GB SSD NVMe PCIe (Có thể tháo ra, lắp thanh khác tối đa 1TB (2280) / 512GB (2242))Hỗ trợ thêm 1 khe cắm SSD M.2 PCIe mở rộng\r\nMàn hình\r\n\r\nMàn hình:\r\n\r\n15.6 inch\r\nĐộ phân giải:\r\n\r\nFull HD (1920 x 1080)\r\nTần số quét:\r\n\r\n165 Hz\r\nCông nghệ màn hình:\r\n\r\n100% sRGB\r\n\r\nChống chói Anti Glare\r\n\r\nDolby Vision\r\n\r\nTấm nền IPS\r\n\r\nĐộ sáng 300 nits\r\n\r\nĐồ họa và Âm thanh\r\n\r\nCard màn hình:\r\n\r\nCard rời - NVIDIA GeForce RTX3050Ti, 4 GB\r\nCông nghệ âm thanh:\r\n\r\nNahimic AudioStereo speakers\r\nCổng kết nối & tính năng mở rộng\r\n\r\nCổng giao tiếp:\r\n\r\n1 x USB 3.2 (Always on)\r\n\r\n2 x Thunderbolt 4 USB-C\r\n\r\n3 x USB 3.2\r\n\r\nHDMI\r\n\r\nJack tai nghe 3.5 mm\r\n\r\nLAN (RJ45)\r\n\r\nKết nối không dây:\r\n\r\nBluetooth 5.1Wi-Fi 6 (802.11ax)\r\nWebcam:\r\n\r\nHD webcam\r\nTính năng khác:\r\n\r\nCông tắc khóa camera\r\n\r\nTPM 2.0\r\n\r\nĐèn bàn phím chuyển màu RGB\r\n\r\nĐèn bàn phím:\r\n\r\nCó\r\nKích thước & trọng lượng\r\n\r\nKích thước, trọng lượng:\r\n\r\nDài 362.56 mm - Rộng 260.61 mm - Dày 25.75 mm - Nặng 2.4 kg\r\nChất liệu:\r\n\r\nVỏ nhựa\r\nThông tin khác\r\n\r\nThông tin Pin:\r\n\r\n60Wh\r\nHệ điều hành:\r\n\r\nWindows 11 Home SL\r\nThời điểm ra mắt:\r\n\r\n2021', 1),
(15, 2, 0, 'https://hanoicomputercdn.com/media/product/59275_laptop_msi_gaming_stealth_15m_1.jpg', 'MSI Gaming Stealth 15M A11UEK i7 11375H', 40990000, 'RAM 16 GB SSD 512 GB', 'Bộ xử lý\r\n\r\nCông nghệ CPU:\r\n\r\nIntel Core i7 Tiger Lake - 11375H\r\nSố nhân:\r\n\r\n4\r\nSố luồng:\r\n\r\n8\r\nTốc độ CPU:\r\n\r\n3.30 GHz\r\nTốc độ tối đa:\r\n\r\nTurbo Boost 5.0 GHz\r\nBộ nhớ đệm:\r\n\r\n12 MB\r\nBộ nhớ RAM, Ổ cứng\r\n\r\nRAM:\r\n\r\n16 GB\r\nLoại RAM:\r\n\r\nDDR4 2 khe (1 khe 8 GB + 1 khe 8 GB)\r\nTốc độ Bus RAM:\r\n\r\n3200 MHz\r\nHỗ trợ RAM tối đa:\r\n\r\n64 GB\r\nỔ cứng:\r\n\r\n512 GB SSD NVMe PCIe (Có thể tháo ra, lắp thanh khác tối đa 2TB)\r\nMàn hình\r\n\r\nMàn hình:\r\n\r\n15.6 inch\r\nĐộ phân giải:\r\n\r\nFull HD (1920 x 1080)\r\nTần số quét:\r\n\r\n144 Hz\r\nCông nghệ màn hình:\r\n\r\nChống chói Anti GlareCông nghệ IPS\r\nĐồ họa và Âm thanh\r\n\r\nCard màn hình:\r\n\r\nCard rời - NVIDIA GeForce RTX 3060 Max-Q, 6 GB\r\nCông nghệ âm thanh:\r\n\r\nHi-Res AudioNahimic Audio\r\nCổng kết nối & tính năng mở rộng\r\n\r\nCổng giao tiếp:\r\n\r\n2 x USB 3.2\r\n\r\nHDMI\r\n\r\nJack tai nghe 3.5 mm\r\n\r\nThunderbolt 4 USB-C\r\n\r\nUSB Type-C\r\n\r\nKết nối không dây:\r\n\r\nBluetooth 5.1Wi-Fi 6 (802.11ax)\r\nKhe đọc thẻ nhớ:\r\n\r\nMicro SD\r\nWebcam:\r\n\r\nHD webcam\r\nTính năng khác:\r\n\r\nĐèn bàn phím chuyển màu RGB\r\nĐèn bàn phím:\r\n\r\nCó\r\nKích thước & trọng lượng\r\n\r\nKích thước, trọng lượng:\r\n\r\nDài 358.3 mm - Rộng 248 mm - Dày 16.15 mm - Nặng 1.7 kg\r\nChất liệu:\r\n\r\nVỏ kim loại\r\nThông tin khác\r\n\r\nThông tin Pin:\r\n\r\n3-cell, 52 Wh\r\nHệ điều hành:\r\n\r\nWindows 10 Home SL\r\nThời điểm ra mắt:\r\n\r\n2021', 0),
(16, 2, 0, 'https://images.unsplash.com/photo-1639087595550-e9770a85f8c0?ixlib=rb-1.2.1&ixid=MnwxMjA3fDB8MHxwaG90by1wYWdlfHx8fGVufDB8fHx8&auto=format&fit=crop&w=1170&q=80', 'MacBook Pro 16 M1 Max 2021/32 core-GPU', 90790000, 'RAM 32 GB SSD 1 TB', 'Bộ xử lý\r\n\r\nCông nghệ CPU:\r\n\r\nApple M1 Max\r\nSố nhân:\r\n\r\n10\r\nSố luồng:\r\n\r\nHãng không công bố\r\nTốc độ CPU:\r\n\r\n400GB/s memory bandwidth\r\nTốc độ tối đa:\r\n\r\nHãng không công bố\r\nBộ nhớ đệm:\r\n\r\nHãng không công bố\r\nBộ nhớ RAM, Ổ cứng\r\n\r\nRAM:\r\n\r\n32 GB\r\nLoại RAM:\r\n\r\nHãng không công bố\r\nTốc độ Bus RAM:\r\n\r\nHãng không công bố\r\nHỗ trợ RAM tối đa:\r\n\r\nKhông hỗ trợ nâng cấp\r\nỔ cứng:\r\n\r\n1 TB SSD\r\nMàn hình\r\n\r\nMàn hình:\r\n\r\n16.2 inch\r\nĐộ phân giải:\r\n\r\nLiquid Retina XDR display (3456 x 2234)\r\nTần số quét:\r\n\r\nup to 120Hz\r\nCông nghệ màn hình:\r\n\r\n1 tỷ màu\r\n\r\nProMotion\r\n\r\nTrue Tone Technology\r\n\r\nWide color (P3)\r\n\r\nĐồ họa và Âm thanh\r\n\r\nCard màn hình:\r\n\r\nCard tích hợp - 32 nhân GPU\r\nCông nghệ âm thanh:\r\n\r\n3 microphones\r\n\r\nDolby Atmos\r\n\r\nHệ thống âm thanh 6 loa\r\n\r\nWide stereo sound\r\n\r\nCổng kết nối & tính năng mở rộng\r\n\r\nCổng giao tiếp:\r\n\r\n3 x Thunderbolt 4 USB-C\r\n\r\nHDMI\r\n\r\nJack tai nghe 3.5 mm\r\n\r\nKết nối không dây:\r\n\r\nBluetooth 5.0Wi-Fi 6 (802.11ax)\r\nKhe đọc thẻ nhớ:\r\n\r\nSD\r\nWebcam:\r\n\r\n1080p FaceTime HD camera\r\nTính năng khác:\r\n\r\nBảo mật vân taySạc MagSafe\r\nĐèn bàn phím:\r\n\r\nCó\r\nKích thước & trọng lượng\r\n\r\nKích thước, trọng lượng:\r\n\r\nDài 355.7 mm - Rộng 248.1 mm - Dày 16.8 mm - Nặng 2.2 kg\r\nChất liệu:\r\n\r\nVỏ kim loại nguyên khối\r\nThông tin khác\r\n\r\nThông tin Pin:\r\n\r\nKhoảng 10 tiếng\r\nHệ điều hành:\r\n\r\nMac OS\r\nThời điểm ra mắt:\r\n\r\n10/2021', 0),
(17, 3, 1, 'https://images.unsplash.com/photo-1647866367186-b2ec3b9cd3b4?ixlib=rb-1.2.1&ixid=MnwxMjA3fDB8MHxzZWFyY2h8Nnx8aXBhZCUyMHBybyUyMG0xJTIwMTIuOXxlbnwwfHwwfHw%3D&auto=format&fit=crop&w=500&q=60', 'iPad Pro M1 12.9 inch 5G', 29290000, 'Liquid Retina XDR 12.9\"', 'Màn hình\r\n\r\nCông nghệ màn hình:\r\n\r\nLiquid Retina XDR mini-LED LCD\r\nĐộ phân giải:\r\n\r\n2048 x 2732 Pixels\r\nMàn hình rộng:\r\n\r\n12.9\" - Tần số quét 120 Hz\r\nHệ điều hành & CPU\r\n\r\nHệ điều hành:\r\n\r\niPadOS 15\r\nChip xử lý (CPU):\r\n\r\nApple M1 8 nhân\r\nTốc độ CPU:\r\nHãng không công bố\r\nChip đồ hoạ (GPU):\r\n\r\nApple GPU 8 nhân\r\nBộ nhớ & Lưu trữ\r\n\r\nRAM:\r\n8 GB\r\nBộ nhớ trong:\r\n\r\n128 GB\r\nBộ nhớ còn lại (khả dụng) khoảng:\r\n\r\n113 GB\r\nCamera sau\r\n\r\nĐộ phân giải:\r\n\r\nChính 12 MP & Phụ 10 MP, TOF 3D LiDAR\r\nQuay phim:\r\n\r\n4K 2160p@24fps\r\n\r\n4K 2160p@25fps\r\n\r\n4K 2160p@30fps\r\n\r\n4K 2160p@60fps\r\n\r\nFullHD 1080p@120fps\r\n\r\nFullHD 1080p@240fps\r\n\r\nFullHD 1080p@25fps\r\n\r\nFullHD 1080p@30fps\r\n\r\nFullHD 1080p@60fps\r\n\r\nHD 720p@30fps\r\n\r\nTính năng:\r\n\r\nChạm lấy nét\r\n\r\nGóc rộng\r\n\r\nGóc siêu rộng\r\n\r\nGắn thẻ địa lý\r\n\r\nHDR\r\n\r\nNhận diện khuôn mặt\r\n\r\nQuay chậm (Slow Motion)\r\n\r\nSmart HDR 3\r\n\r\nToàn cảnh (Panorama)\r\n\r\nTua nhanh thời gian (Time‑lapse)\r\n\r\nTự động lấy nét (AF)\r\n\r\nZoom kỹ thuật số\r\n\r\nZoom quang học\r\n\r\nCamera trước\r\n\r\nĐộ phân giải:\r\n\r\n12 MP\r\nTính năng:\r\n\r\nBộ lọc màu\r\n\r\nGóc rộng\r\n\r\nHDR\r\n\r\nQuay video Full HD\r\n\r\nQuay video HD\r\n\r\nTự động lấy nét (AF)\r\n\r\nXóa phông\r\n\r\nKết nối\r\n\r\nMạng di động:\r\n\r\nHỗ trợ 5G\r\nSIM:\r\n\r\n1 Nano SIM hoặc 1 eSIM\r\nThực hiện cuộc gọi:\r\n\r\nFaceTime\r\nWifi:\r\n\r\nDual-band\r\n\r\nWi-Fi 802.11 a/b/g/n/ac/ax\r\n\r\nWi-Fi hotspot\r\n\r\nGPS:\r\n\r\nA-GPS\r\n\r\nGLONASS\r\n\r\niBeacon\r\n\r\nBluetooth:\r\n\r\nA2DP\r\n\r\nLE\r\n\r\nv5.0\r\n\r\nCổng kết nối/sạc:\r\n\r\nType-C\r\nJack tai nghe:\r\n\r\nType C\r\nTiện ích\r\n\r\nTính năng đặc biệt:\r\n\r\n4 loa\r\n\r\nDolby Vision\r\n\r\nKết nối Apple Pencil 2\r\n\r\nMở khóa bằng khuôn mặt (Face ID)\r\n\r\nÂm thanh Dolby Atmos\r\n\r\nGhi âm:\r\n\r\nCó\r\nPin & Sạc\r\n\r\nDung lượng pin:\r\n40.88 Wh (~ 10.835 mAh)\r\nLoại pin:\r\n\r\nLi-Po\r\nCông nghệ pin:\r\n\r\nSạc pin nhanhTiết kiệm pin\r\nHỗ trợ sạc tối đa:\r\n\r\n20 W\r\nSạc kèm theo máy:\r\n\r\n20 W\r\nThông tin chung\r\n\r\nChất liệu:\r\n\r\nNhôm nguyên khối\r\nKích thước, khối lượng:\r\n\r\nDài 280.6 mm - Ngang 214.9 mm - Dày 6.4 mm - Nặng 685 g\r\nThời điểm ra mắt:\r\n\r\n05/2021', 0),
(18, 4, 1, 'https://media.techz.vn/media2019/source/3A%20Trang/APPLE/Apple-Watch/Apple-Watch-SE/Apple-Watch-SE-1.jpg', 'Apple Watch SE 40mm viền nhôm dây silicone', 6990000, '', 'Màn hình\r\n\r\nCông nghệ màn hình:\r\n\r\nOLED\r\nKích thước màn hình:\r\n\r\n1.57 inch\r\nĐộ phân giải:\r\n\r\n324 x 394 pixels\r\nThiết kế\r\n\r\nChất liệu mặt:\r\n\r\nIon-X strengthened glass\r\nChất liệu khung viền:\r\n\r\nNhôm\r\nChất liệu dây:\r\n\r\nSilicone\r\nĐộ rộng dây:\r\n\r\n2.2 cm\r\nĐộ dài dây:\r\n\r\n13 - 20 cm\r\nKhả năng thay dây:\r\n\r\nCó\r\nKích thước, khối lượng:\r\n\r\nDài 40 mm - Ngang 34 mm - Dày 10.7 mm - Nặng 30.49g\r\nTiện ích\r\n\r\nSim & nghe gọi:\r\n\r\nNghe gọi ngay trên đồng hồ\r\nTiện ích đặc biệt:\r\n\r\nKết nối bluetooth với tai nghePhát hiện té ngã\r\nChống nước / Kháng nước:\r\n\r\nChống nước 5 ATM - ISO 22810:2010 (Tắm, bơi vùng nước nông)\r\nTheo dõi sức khoẻ:\r\n\r\nChế độ luyện tập\r\n\r\nTính quãng đường chạy\r\n\r\nTính lượng calories tiêu thụ\r\n\r\nTheo dõi giấc ngủ\r\n\r\nĐo nhịp tim\r\n\r\nĐếm số bước chân\r\n\r\nTiện ích khác:\r\n\r\nBáo thức\r\n\r\nCó chống nước\r\n\r\nNghe gọi trên đồng hồ\r\n\r\nDự báo thời tiết\r\n\r\nLa bàn\r\n\r\nPhát hiện té ngã\r\n\r\nRung thông báo\r\n\r\nThay mặt đồng hồ\r\n\r\nTừ chối cuộc gọi\r\n\r\nĐiều khiển chơi nhạc\r\n\r\nĐiều khiển chụp ảnh\r\n\r\nĐồng hồ bấm giờ\r\n\r\nNghe nhạc với tai nghe Bluetooth\r\n\r\nHiển thị thông báo:\r\n\r\nCuộc gọi\r\n\r\nLine\r\n\r\nMessenger (Facebook)\r\n\r\nNội dung tin nhắn\r\n\r\nTin nhắn\r\n\r\nViber\r\n\r\nZalo\r\n\r\nPin\r\n\r\nThời gian sử dụng pin:\r\n\r\nKhoảng 1.5 ngày\r\nThời gian sạc:\r\n\r\nKhoảng 2 giờ\r\nDung lượng pin:\r\n\r\nHãng không công bố\r\nCổng sạc:\r\n\r\nĐế sạc nam châm\r\nCấu hình & Kết nối\r\n\r\nCPU:\r\n\r\nApple S5 64 bit\r\nBộ nhớ trong:\r\n\r\n32 GB\r\nHệ điều hành:\r\n\r\nWatchOS phiên bản mới nhất\r\nKết nối được với hệ điều hành:\r\n\r\niPhone 6s trở lên với iOS phiên bản mới nhất\r\nỨng dụng quản lý:\r\n\r\nWatch\r\nKết nối:\r\n\r\nBluetooth v5.0\r\n\r\nGPS\r\n\r\nWifi\r\n\r\nCảm biến:\r\n\r\nCao áp kế\r\n\r\nCảm biến ánh sáng môi trường\r\n\r\nCảm biến nhịp tim điện tử\r\n\r\nCảm biến nhịp tim quang học thế hệ 2\r\n\r\nGia tốc kế\r\n\r\nGNSS\r\n\r\nGPS\r\n\r\nLa bàn\r\n\r\nThông tin khác\r\n\r\nThời gian ra mắt:\r\n\r\n15/9/2020\r\nNgôn ngữ:\r\n\r\nTiếng AnhTiếng Việt\r\nHãng:\r\n\r\nApple.', 0),
(19, 5, 1, 'https://minhtuanmobile.com/uploads/blog/trai-nghiem-va-danh-gia-chi-tiet-apple-airpods-3-mau-tai-nghe-khong-day-dang-mua-nhat-hien-tai-211031092545.png', 'Tai nghe Bluetooth AirPods 3 Apple MME73 Trắng', 4790000, '', 'Thời gian sử dụng tai nghe:\r\n\r\nDùng 6 giờ - Sạc 2 giờ\r\nThời gian sử dụng hộp sạc:\r\n\r\nDùng 30 giờ - Sạc Hãng không công bố\r\nCổng sạc:\r\n\r\nLightningSạc không dây\r\nCông nghệ âm thanh:\r\n\r\nAdaptive EQ\r\n\r\nSpatial Audio\r\n\r\nChip Apple H1\r\n\r\nCustom High Dynamic Range Amplifier\r\n\r\nCustom high-excursion Apple driver\r\n\r\nTương thích:\r\n\r\nAndroid\r\n\r\niOS (iPhone)\r\n\r\niPadOS (iPad)\r\n\r\nMacOS (Macbook, iMac)\r\n\r\nTiện ích:\r\n\r\nChống nước IPX4\r\n\r\nSạc không dây\r\n\r\nCó mic thoại\r\n\r\nKết nối cùng lúc:\r\n\r\n1 thiết bị\r\nCông nghệ kết nối:\r\n\r\nBluetooth 5.0\r\nĐiều khiển:\r\n\r\nCảm ứng lực\r\nPhím điều khiển:\r\n\r\nBật trợ lí ảo\r\n\r\nChuyển bài hát\r\n\r\nNghe/nhận cuộc gọi\r\n\r\nPhát/dừng chơi nhạc\r\n\r\nKích thước:\r\n\r\nDài 3.1 cm - Rộng 1.8 cm - Cao 1.6 cm\r\nTrọng lượng:\r\n\r\n4.28 g\r\nThương hiệu của:\r\n\r\nMỹ\r\nSản xuất tại:\r\n\r\nViệt Nam / Trung Quốc (tùy lô hàng)\r\nHãng:\r\n\r\nApple.', 0),
(20, 6, 1, 'https://dlcdnwebimgs.asus.com/gain/e2956064-f3f1-4886-824a-e20dc0206153/w692', 'Asus ProArt PA278CV 27 inch 2K', 10490000, '75 Hz 5 ms', 'Thông tin cấu hình\r\n\r\nLoại màn hình:\r\n\r\nPhẳng\r\nKích thước màn hình:\r\n\r\n27 inch\r\nĐộ phân giải:\r\n\r\n2K (2560 x 1440)\r\nTấm nền:\r\n\r\nIPS\r\nTần số quét:\r\n\r\n75 Hz\r\nThời gian đáp ứng:\r\n5ms\r\nCông nghệ màn hình:\r\n\r\n100% Rec.709\r\n\r\nSai lệch màu Delta E< 2\r\n\r\n100% sRGB\r\n\r\nLow Blue Light\r\n\r\nAdaptive-Sync\r\n\r\nSố lượng màu:\r\n\r\n16.7 triệu màu\r\nĐộ sáng:\r\n\r\n350 cd/m2\r\nĐộ tương phản tĩnh:\r\n\r\n1000:1\r\nGóc nhìn:\r\n\r\n178°(Dọc) / 178°(Ngang)\r\nTiện ích và Cổng kết nối\r\n\r\nTiện ích:\r\n\r\nCó loa tích hợp\r\n\r\nThay đổi được chiều cao\r\n\r\nXoay màn hình 90 độ\r\n\r\nCổng kết nối:\r\n\r\n4 x USB 3.2\r\n\r\nDisplay Port x 2\r\n\r\nJack tai nghe 3.5 mm\r\n\r\nUSB Type C\r\n\r\nHDMI\r\n\r\nCông suất và Kích thước\r\n\r\nCông suất tiêu thụ điện:\r\n\r\n<21.28W\r\nKích thước (có chân đế):\r\n\r\nNgang 615 mm - Cao 374 đến 524 mm - Dày 228 mm\r\nTrọng lượng:\r\n\r\n5.5 Kg\r\nTrọng lượng có chân đế:\r\n\r\n8.7 Kg', 0),
(21, 7, 1, 'https://media-api-beta.thinkpro.vn/media/core/products/2022/6/7/NJ80-9.jpg?w=500&h=500', 'Bàn Phím Cơ KeyDous NJ80 AP - Case Blue Cyan (Plate Thép - Gateron Yellow Pro Switch)', 2640000, '', 'Trọng lượng\r\n1.1 kg\r\nTương thích\r\nWindows/MacOS/Linux\r\nLoại kết nối\r\nKhông Dây\r\nCó Dây\r\nKết nối qua\r\nBluetooth 5.0\r\nWireless 2.4Ghz\r\nUSB C\r\nĐèn Led\r\nRGB\r\nKích thước\r\nDài: 32.5 cm, Rộng: 14.1 cm, Cao: 4.2 cm\r\nChất liệu khung\r\nNhựa\r\nThời lượng pin\r\n4800mAh\r\nKeycap\r\nPBT - XDA Profile\r\nLoại switch\r\nGateron Yellow Pro Switch - Hotswap\r\nLayout\r\n75%\r\nSố nút bấm\r\n80 Nút\r\nLoại bàn phím\r\nPhím cơ', 0),
(22, 8, 1, 'https://cdn.sforum.vn/sforum/wp-content/uploads/2022/08/52f9e7a85e81ac76ff71b2b22d6276f1.png', 'Smart Tivi Xiaomi A2 58 inch', 12990000, '58 inch 4K 60Hz', 'Kích cỡ màn hình\r\n\r\n58 inch\r\nĐộ phân giải\r\n\r\n4K\r\nKhoảng cách xem an toàn cho mắt\r\n\r\n55 - 65\" (khoảng 5 - 6m)\r\nLoại tivi\r\n\r\nAndroid Tivi, Smart tivi\r\nThương hiệu\r\n\r\nTrung Quốc\r\nCông nghệ hình ảnh\r\n\r\nCông nghệ hình ảnh\r\n\r\nMàn hình 4K UHD\r\nĐộ phân giải: 3840 × 2160 pixels\r\nGam màu: DCI-P3 90% (typ)\r\nĐộ sâu màu: 1.07 tỷ màu\r\nMEMC: Lên đến UHD 60Hz\r\nHDR10, HLG\r\nDolby Vision\r\nTần số quét\r\n\r\n60Hz\r\nCông nghệ âm thanh\r\n\r\nCông nghệ âm thanh\r\n\r\nDolby Audio ™\r\nDTS-HD®\r\nThông số khác\r\n\r\nTổng công suất loa\r\n\r\n2 x 10 W\r\nCác cổng kết nối\r\n\r\nKết nối Internet\r\n\r\nEthernet (Lan)\r\nWifi 2.4 GHz/5GHz\r\nKết nối không dây\r\n\r\nBluetooth 5.0\r\nHệ thống phát sóng: DVB-T/C/T2\r\nCổng nhận hình ảnh, âm thanh\r\n\r\n3x HDMI (1 cổng với eARC)\r\nCổng xuất âm thanh\r\n\r\n1x Headphone jack 3.5mm\r\nCổng USB\r\n\r\n2x USB 2.0\r\nTính năng và tiện ích\r\n\r\nHệ điều hành\r\n\r\nAndroidTV\r\nCông nghệ chiếu hình từ điện thoại lên TV\r\n\r\nChromecast\r\nMiracast\r\nComposite (AV)\r\nTiện ích nổi bật\r\n\r\nTích hợp trợ lí ảo Google Assistant, Chiếu hình ảnh từ điện thoại lên TV\r\nTính năng khác\r\n\r\nAndroid TV ™ 10\r\nCPU: Quad A55\r\nGPU: Mali G52 MP2\r\nRAM: 2GB\r\nDung lượng: 16GB\r\nNetflix, Amazon Prime Video và Youtube được cài đặt sẵn\r\nHàng nghìn ứng dụng có sẵn trong Google Play\r\nThiết kế và lắp đặt\r\n\r\nKích thước (Bao gồm kích thước có chân đế và không chân đế)\r\n\r\nCó chân đế: 1285 × 260 × 806 mm (L x W x H)\r\nKhông có chân đế: 1285 × 83 × 756 mm (L x W x H)\r\nKhối lượng (Bao gồm khối lượng có chân đế và không chân đế)\r\n\r\nCó chân đế: 12kg\r\nChất liệu (Bao gồm chất liệu chân đế và khung viền)\r\n\r\nKhung viền: kim loại\r\nChân đế: Nhựa', 0),
(23, 3, 1, 'https://cdn1.hoanghamobile.com/tin-tuc/wp-content/uploads/2022/03/galaxy-tab-s8-ultra-1024x768.jpg', 'Samsung Galaxy Tab S8+', 25990000, 'Super AMOLED 12.4\"', 'Màn hình\r\n\r\nCông nghệ màn hình:\r\n\r\nSuper AMOLED\r\nĐộ phân giải:\r\n\r\n1752 x 2800 Pixels\r\nMàn hình rộng:\r\n\r\n12.4\" - Tần số quét 120 Hz\r\nHệ điều hành & CPU\r\n\r\nHệ điều hành:\r\n\r\nAndroid 12\r\nChip xử lý (CPU):\r\n\r\nSnapdragon 8 Gen 1 8 nhân\r\nTốc độ CPU:\r\n1 nhân 2.99 GHz, 3 nhân 2.4 GHz & 4 nhân 1.7 GHz\r\nChip đồ hoạ (GPU):\r\n\r\nAdreno 730\r\nBộ nhớ & Lưu trữ\r\n\r\nRAM:\r\n8 GB\r\nBộ nhớ trong:\r\n\r\n128 GB\r\nBộ nhớ còn lại (khả dụng) khoảng:\r\n\r\n101.1 GB\r\nThẻ nhớ ngoài:\r\n\r\nMicro SD, hỗ trợ tối đa 1 TB\r\nCamera sau\r\n\r\nĐộ phân giải:\r\n\r\nChính 13 MP & Phụ 6 MP\r\nQuay phim:\r\n\r\n4K 2160p@30fps\r\n\r\nFullHD 1080p@30fps\r\n\r\nHD 720p@30fps\r\n\r\nTính năng:\r\n\r\nChạm lấy nét\r\n\r\nChuyên nghiệp (Pro)\r\n\r\nGóc siêu rộng\r\n\r\nLàm đẹp\r\n\r\nToàn cảnh (Panorama)\r\n\r\nTua nhanh thời gian (Time‑lapse)\r\n\r\nXóa phông\r\n\r\nZoom kỹ thuật số\r\n\r\nÁnh sáng yếu (Chụp đêm)\r\n\r\nĐèn Flash\r\n\r\nTự động lấy nét\r\n\r\nCamera trước\r\n\r\nĐộ phân giải:\r\n\r\n12 MP\r\nTính năng:\r\n\r\nBộ lọc màu\r\n\r\nGóc rộng\r\n\r\nHẹn giờ chụp\r\n\r\nLive Photos\r\n\r\nLàm đẹp\r\n\r\nQuay video Full HD\r\n\r\nQuay video HD\r\n\r\nXóa phông\r\n\r\nKết nối\r\n\r\nMạng di động:\r\n\r\nHỗ trợ 5G\r\nSIM:\r\n\r\n1 Nano SIM\r\nThực hiện cuộc gọi:\r\n\r\nCó\r\nWifi:\r\n\r\nMIMOWi-Fi 802.11 a/b/g/n/ac/ax\r\nGPS:\r\n\r\nGALILEO\r\n\r\nGLONASS\r\n\r\nGPS\r\n\r\nBluetooth:\r\n\r\nA2DPv5.2\r\nCổng kết nối/sạc:\r\n\r\nType-C\r\nJack tai nghe:\r\n\r\nType C\r\nTiện ích\r\n\r\nTính năng đặc biệt:\r\n\r\n4 loa\r\n\r\nChạm 2 lần mở màn hình\r\n\r\nChế độ trẻ em (Samsung Kids)\r\n\r\nGhi âm cuộc gọi\r\n\r\nKhông gian thứ hai (Thư mục bảo mật)\r\n\r\nKết nối bút S Pen\r\n\r\nMở khoá vân tay dưới màn hình\r\n\r\nMở khóa bằng khuôn mặt\r\n\r\nMở khóa bằng vân tay\r\n\r\nSamsung DeX (Giao diện tương tự PC)\r\n\r\nÂm thanh AKG\r\n\r\nÂm thanh Dolby Atmos\r\n\r\nỨng dụng kép (Dual Messenger)\r\n\r\nGhi âm:\r\n\r\nCó\r\nPin & Sạc\r\n\r\nDung lượng pin:\r\n10090 mAh\r\nLoại pin:\r\n\r\nLi-Ion\r\nCông nghệ pin:\r\n\r\nSạc pin nhanhTiết kiệm pin\r\nHỗ trợ sạc tối đa:\r\n\r\n45 W\r\nThông tin chung\r\n\r\nChất liệu:\r\n\r\nKim loại nguyên khối\r\nKích thước, khối lượng:\r\n\r\nDài 285 mm - Ngang 185 mm - Dày 5.7 mm - Nặng 572 g\r\nThời điểm ra mắt:\r\n\r\n3/2022\r\nHãng:\r\n\r\nSamsung', 0),
(24, 3, 1, 'https://cdn.tgdd.vn/Files/2022/01/31/1413751/ipadair4.jpg', 'iPad Air 4 4G (2020)', 18990000, 'Liquid Retina 10.86\"', 'Màn hình\r\n\r\nCông nghệ màn hình:\r\n\r\nLiquid Retina\r\nĐộ phân giải:\r\n\r\n1640 x 2360 Pixels\r\nMàn hình rộng:\r\n\r\n10.86\" - Tần số quét Hãng không công bố\r\nHệ điều hành & CPU\r\n\r\nHệ điều hành:\r\n\r\niPadOS 15\r\nChip xử lý (CPU):\r\n\r\nApple A14 Bionic 6 nhân\r\nTốc độ CPU:\r\n2 nhân 3.0 GHz & 4 nhân 1.8 GHz\r\nChip đồ hoạ (GPU):\r\n\r\nApple GPU 4 nhân\r\nBộ nhớ & Lưu trữ\r\n\r\nRAM:\r\n4 GB\r\nBộ nhớ trong:\r\n\r\n256 GB\r\nBộ nhớ còn lại (khả dụng) khoảng:\r\n\r\n241 GB\r\nCamera sau\r\n\r\nĐộ phân giải:\r\n\r\n12 MP\r\nQuay phim:\r\n\r\n4K 2160p@24fps\r\n\r\n4K 2160p@30fps\r\n\r\n4K 2160p@60fps\r\n\r\nFullHD 1080p@120fps\r\n\r\nFullHD 1080p@240fps\r\n\r\nFullHD 1080p@30fps\r\n\r\nFullHD 1080p@60fps\r\n\r\nTính năng:\r\n\r\nChống rung EIS\r\n\r\nGóc rộng\r\n\r\nSmart HDR 3\r\n\r\nTự động lấy nét (AF)\r\n\r\nCamera trước\r\n\r\nĐộ phân giải:\r\n\r\n7 MP\r\nTính năng:\r\n\r\nHDR\r\n\r\nHẹn giờ chụp\r\n\r\nLive Photos\r\n\r\nQuay video Full HD\r\n\r\nTự động lấy nét (AF)\r\n\r\nKết nối\r\n\r\nMạng di động:\r\n\r\nHỗ trợ 4G\r\nSIM:\r\n\r\n1 Nano SIM hoặc 1 eSIM\r\nThực hiện cuộc gọi:\r\n\r\nFaceTime\r\nWifi:\r\n\r\nDual-band\r\n\r\nWi-Fi 802.11 a/b/g/n/ac/ax\r\n\r\nWi-Fi hotspot\r\n\r\nGPS:\r\n\r\nGLONASSGPS\r\nBluetooth:\r\n\r\nA2DP\r\n\r\nEDR\r\n\r\nv5.0\r\n\r\nCổng kết nối/sạc:\r\n\r\nType-C\r\nJack tai nghe:\r\n\r\nType C\r\nKết nối khác:\r\n\r\nOTG\r\nTiện ích\r\n\r\nTính năng đặc biệt:\r\n\r\nMở khóa bằng vân tay\r\nGhi âm:\r\n\r\nCó\r\nPin & Sạc\r\n\r\nDung lượng pin:\r\n28.65 Wh (~ 7600 mAh)\r\nLoại pin:\r\n\r\nLi-Po\r\nCông nghệ pin:\r\n\r\nSạc pin nhanhTiết kiệm pin\r\nHỗ trợ sạc tối đa:\r\n\r\n20 W\r\nSạc kèm theo máy:\r\n\r\n20 W\r\nThông tin chung\r\n\r\nChất liệu:\r\n\r\nNhôm nguyên khối\r\nKích thước, khối lượng:\r\n\r\nDài 247.6 mm - Ngang 178.5 mm - Dày 6.1 mm - Nặng 460 g\r\nThời điểm ra mắt:\r\n\r\n09/2020', 0),
(25, 3, 1, 'https://fdn.gsmarena.com/imgroot/reviews/21/xiaomi-pad-5/lifestyle/-1024w2/gsmarena_004.jpg', 'Xiaomi Pad 5 WiFi', 10490000, 'IPS LCD 11\"IPS LCD 11\"', 'Màn hình\r\n\r\nCông nghệ màn hình:\r\n\r\nIPS LCD\r\nĐộ phân giải:\r\n\r\n1600 x 2560 Pixels\r\nMàn hình rộng:\r\n\r\n11\" - Tần số quét 120 Hz\r\nHệ điều hành & CPU\r\n\r\nHệ điều hành:\r\n\r\nAndroid 11\r\nChip xử lý (CPU):\r\n\r\nSnapdragon 860 8 nhân\r\nTốc độ CPU:\r\n1 nhân 2.96 GHz, 3 nhân 2.42 GHz & 4 nhân 1.78 GHz\r\nChip đồ hoạ (GPU):\r\n\r\nAdreno 640\r\nBộ nhớ & Lưu trữ\r\n\r\nRAM:\r\n6 GB\r\nBộ nhớ trong:\r\n\r\n256 GB\r\nBộ nhớ còn lại (khả dụng) khoảng:\r\n\r\n230 GB\r\nCamera sau\r\n\r\nĐộ phân giải:\r\n\r\n13 MP\r\nQuay phim:\r\n\r\n4K 2160p@30fps\r\n\r\nFullHD 1080p@30fps\r\n\r\nHD 720p@30fps\r\n\r\nTính năng:\r\n\r\nChạm lấy nét\r\n\r\nHDR\r\n\r\nLàm đẹp\r\n\r\nNhận diện khuôn mặt\r\n\r\nTự động lấy nét (AF)\r\n\r\nCamera trước\r\n\r\nĐộ phân giải:\r\n\r\n8 MP\r\nTính năng:\r\n\r\nBộ lọc màu\r\n\r\nHDR\r\n\r\nLàm đẹp\r\n\r\nQuay video Full HD\r\n\r\nQuay video HD\r\n\r\nTự động lấy nét (AF)\r\n\r\nKết nối\r\n\r\nMạng di động:\r\n\r\nKhông có\r\nSIM:\r\n\r\nKhông có\r\nThực hiện cuộc gọi:\r\n\r\nKhông có\r\nWifi:\r\n\r\nDual-band\r\n\r\nWi-Fi 802.11 a/b/g/n/ac\r\n\r\nWi-Fi Direct\r\n\r\nWi-Fi hotspot\r\n\r\nBluetooth:\r\n\r\nA2DP\r\n\r\nLE\r\n\r\nv5.0\r\n\r\nCổng kết nối/sạc:\r\n\r\nType-C\r\nJack tai nghe:\r\n\r\nType C\r\nKết nối khác:\r\n\r\nOTG\r\nTiện ích\r\n\r\nTính năng đặc biệt:\r\n\r\n4 loa\r\n\r\nMở khóa bằng khuôn mặt\r\n\r\nÂm thanh Dolby Atmos\r\n\r\nPin & Sạc\r\n\r\nDung lượng pin:\r\n8720 mAh\r\nLoại pin:\r\n\r\nLi-Po\r\nCông nghệ pin:\r\n\r\nSạc pin nhanh\r\nHỗ trợ sạc tối đa:\r\n\r\n33 W\r\nSạc kèm theo máy:\r\n\r\n22.5 W\r\nThông tin chung\r\n\r\nChất liệu:\r\n\r\nKhung kim loại & Mặt lưng nhựa\r\nKích thước, khối lượng:\r\n\r\nDài 254.7 mm - Ngang 166.3 mm - Dày 6.85 mm - Nặng 511 g\r\nThời điểm ra mắt:\r\n\r\n09/2021', 0),
(26, 4, 1, 'https://images.samsung.com/vn/galaxy-watch5-pro/feature/galaxy-watch5-pro-monitoring-display-mo.jpg', 'Samsung Galaxy Watch5 Pro 45 mm', 11990000, '', 'Màn hình\r\n\r\nCông nghệ màn hình:\r\n\r\nSUPER AMOLED\r\nKích thước màn hình:\r\n\r\n1.4 inch\r\nĐộ phân giải:\r\n\r\n450 x 450 pixels\r\nKích thước mặt:\r\n\r\n45 mm\r\nThiết kế\r\n\r\nChất liệu mặt:\r\n\r\nKính Sapphire\r\nChất liệu khung viền:\r\n\r\nTitanium\r\nChất liệu dây:\r\n\r\nSilicone\r\nĐộ rộng dây:\r\n\r\n2 cm\r\nĐộ dài dây:\r\n\r\nĐang cập nhật\r\nKhả năng thay dây:\r\n\r\nCó\r\nKích thước, khối lượng:\r\n\r\nDài 45.4 mm - Ngang 45.4 mm - Dày 10.5 mm - Nặng 46.5g\r\nTiện ích\r\n\r\nSim & nghe gọi:\r\n\r\nNghe gọi ngay trên đồng hồ\r\nTiện ích đặc biệt:\r\n\r\nKết nối bluetooth với tai ngheNghe nhạc\r\nChống nước / Kháng nước:\r\n\r\nChống nước 5 ATM - ISO 22810:2010 (Tắm, bơi vùng nước nông)\r\nTheo dõi sức khoẻ:\r\n\r\nChế độ luyện tập\r\n\r\nĐiện tâm đồ\r\n\r\nĐo nồng độ oxy trong máu (SpO2)\r\n\r\nĐo huyết áp\r\n\r\nTính lượng calories tiêu thụ\r\n\r\nTheo dõi giấc ngủ\r\n\r\nTheo dõi mức độ stress\r\n\r\nĐo nhịp tim\r\n\r\nĐếm số bước chân\r\n\r\nTiện ích khác:\r\n\r\nBáo thức\r\n\r\nChứng nhận độ bền MIL-STD-810G\r\n\r\nCó chống nước\r\n\r\nNghe gọi trên đồng hồ\r\n\r\nDự báo thời tiết\r\n\r\nNhận cuộc gọi\r\n\r\nPhát hiện té ngã\r\n\r\nThay mặt đồng hồ\r\n\r\nTìm điện thoại\r\n\r\nĐếm bước chân\r\n\r\nNghe nhạc với tai nghe Bluetooth\r\n\r\nHiển thị thông báo:\r\n\r\nCuộc gọiTin nhắn\r\nPin\r\n\r\nThời gian sử dụng pin:\r\n\r\nKhoảng 3.3 ngày\r\nThời gian sạc:\r\n\r\nKhoảng 1.25 giờ\r\nDung lượng pin:\r\n\r\n590 mAh\r\nCổng sạc:\r\n\r\nSạc không dây\r\nCấu hình & Kết nối\r\n\r\nCPU:\r\n\r\nExynos W920\r\nBộ nhớ trong:\r\n\r\n16 GB\r\nHệ điều hành:\r\n\r\nOne UI Watch\r\nKết nối được với hệ điều hành:\r\n\r\nAndroid 8.0 trở lên dùng Google Mobile Service\r\nỨng dụng quản lý:\r\n\r\nGalaxy Wearable\r\nKết nối:\r\n\r\nBluetooth v5.2\r\n\r\nGPS\r\n\r\nNFC\r\n\r\nWifi\r\n\r\nCảm biến:\r\n\r\nBeidou\r\n\r\nCảm biến áp suất không khí\r\n\r\nCảm biến ánh sáng môi trường\r\n\r\nCảm biến nhiệt độ\r\n\r\nCảm biến địa từ\r\n\r\nCao áp kế\r\n\r\nSamsung BioActive\r\n\r\nGLONASS\r\n\r\nGPS\r\n\r\nĐo SpO2\r\n\r\nThông tin khác\r\n\r\nThời gian ra mắt:\r\n\r\n08/2022\r\nNgôn ngữ:\r\n\r\nTiếng AnhTiếng Việt\r\nHãng:\r\n\r\nSamsung', 0),
(27, 4, 1, 'https://cdn.tgdd.vn/Files/2022/08/05/1453303/so-sanh-apple-watch-s6-va-s7-diem-khac-nhau-1-652x367.jpg', 'Apple Watch S6 44mm viền nhôm dây silicone ', 9990000, '', 'Màn hình\r\n\r\nCông nghệ màn hình:\r\n\r\nOLED\r\nKích thước màn hình:\r\n\r\n1.78 inch\r\nĐộ phân giải:\r\n\r\n448 x 368 pixels\r\nThiết kế\r\n\r\nChất liệu mặt:\r\n\r\nIon-X strengthened glass\r\nChất liệu khung viền:\r\n\r\nNhôm\r\nChất liệu dây:\r\n\r\nSilicone\r\nĐộ rộng dây:\r\n\r\nHãng không công bố\r\nĐộ dài dây:\r\n\r\nHãng không công bố\r\nKhả năng thay dây:\r\n\r\nCó\r\nKích thước, khối lượng:\r\n\r\nDài 44 mm - Ngang 38 mm - Dày 10.4 mm - Nặng 36.5g\r\nTiện ích\r\n\r\nSim & nghe gọi:\r\n\r\nNghe gọi ngay trên đồng hồ\r\nTiện ích đặc biệt:\r\n\r\nKết nối bluetooth với tai nghe\r\n\r\nMàn hình luôn hiển thị\r\n\r\nPhát hiện té ngã\r\n\r\nChống nước / Kháng nước:\r\n\r\nChống nước 5 ATM - ISO 22810:2010 (Tắm, bơi vùng nước nông)\r\nTheo dõi sức khoẻ:\r\n\r\nChế độ luyện tập\r\n\r\nĐiện tâm đồ\r\n\r\nĐo nồng độ oxy trong máu (SpO2)\r\n\r\nTính quãng đường chạy\r\n\r\nTính lượng calories tiêu thụ\r\n\r\nTheo dõi giấc ngủ\r\n\r\nĐo nhịp tim\r\n\r\nĐếm số bước chân\r\n\r\nTiện ích khác:\r\n\r\nBáo thức\r\n\r\nCó chống nước\r\n\r\nNghe gọi trên đồng hồ\r\n\r\nTính năng Family Setup\r\n\r\nDự báo thời tiết\r\n\r\nLa bàn\r\n\r\nPhát hiện té ngã\r\n\r\nRung thông báo\r\n\r\nThay mặt đồng hồ\r\n\r\nTừ chối cuộc gọi\r\n\r\nĐiều khiển chơi nhạc\r\n\r\nĐiều khiển chụp ảnh\r\n\r\nĐồng hồ bấm giờ\r\n\r\nMàn hình luôn hiển thị\r\n\r\nNghe nhạc với tai nghe Bluetooth\r\n\r\nHiển thị thông báo:\r\n\r\nCuộc gọi\r\n\r\nLine\r\n\r\nMessenger (Facebook)\r\n\r\nNội dung tin nhắn\r\n\r\nTin nhắn\r\n\r\nViber\r\n\r\nZalo\r\n\r\nPin\r\n\r\nThời gian sử dụng pin:\r\n\r\nKhoảng 1.5 ngày\r\nThời gian sạc:\r\n\r\nKhoảng 2 giờ\r\nDung lượng pin:\r\n\r\n303.8 mAh\r\nCổng sạc:\r\n\r\nĐế sạc nam châm\r\nCấu hình & Kết nối\r\n\r\nCPU:\r\n\r\nApple S6 64 bit\r\nBộ nhớ trong:\r\n\r\n32 GB\r\nHệ điều hành:\r\n\r\nWatchOS phiên bản mới nhất\r\nKết nối được với hệ điều hành:\r\n\r\niPhone 6s trở lên với iOS phiên bản mới nhất\r\nỨng dụng quản lý:\r\n\r\nWatch\r\nKết nối:\r\n\r\nBluetooth v5.0\r\n\r\nGPS\r\n\r\nWifi\r\n\r\nCảm biến:\r\n\r\nCao áp kế\r\n\r\nCảm biến ánh sáng môi trường\r\n\r\nCảm biến nhịp tim điện tử\r\n\r\nCảm biến nhịp tim quang học thế hệ 3\r\n\r\nGia tốc kế\r\n\r\nGNSS\r\n\r\nGPS\r\n\r\nLa bàn\r\n\r\nĐo SpO2\r\n\r\nThông tin khác\r\n\r\nThời gian ra mắt:\r\n\r\n15/9/2020\r\nNgôn ngữ:\r\n\r\nTiếng AnhTiếng Việt\r\nHãng:\r\n\r\nApple', 0),
(29, 4, 1, 'https://bizweb.dktcdn.net/100/021/944/files/techwear-mo-hop-garmin-fenix-6s-6.jpg?v=1569838254043', 'Garmin Fenix 6S Pro Solar dây silicone ', 15043000, '', 'Màn hình\r\n\r\nCông nghệ màn hình:\r\n\r\nMIP\r\nKích thước màn hình:\r\n\r\n1.2 inch\r\nĐộ phân giải:\r\n\r\n240 x 240 pixels\r\nKích thước mặt:\r\n\r\n42 mm\r\nThiết kế\r\n\r\nChất liệu mặt:\r\n\r\nKính cường lực\r\nChất liệu khung viền:\r\n\r\nKhung Polyme - Viền thép không gỉ\r\nChất liệu dây:\r\n\r\nSilicone\r\nĐộ rộng dây:\r\n\r\n2 cm\r\nĐộ dài dây:\r\n\r\n18.2 cm\r\nKhả năng thay dây:\r\n\r\nCó\r\nKích thước, khối lượng:\r\n\r\nDài 42 mm - Ngang 42 mm - Dày 14.2 mm - Nặng 45g\r\nTiện ích\r\n\r\nSim & nghe gọi:\r\n\r\nNhận cuộc gọi bằng đồng hồ\r\nTiện ích đặc biệt:\r\n\r\nPhát hiện té ngãSạc bằng năng lượng mặt trời\r\nChống nước / Kháng nước:\r\n\r\nChống nước 10 ATM (Bơi, lặn vùng nước nông)\r\nTheo dõi sức khoẻ:\r\n\r\nChế độ luyện tập\r\n\r\nĐo lượng tiêu thụ oxy tối đa (VO2 max)\r\n\r\nĐo nồng độ oxy trong máu (SpO2)\r\n\r\nTính quãng đường chạy\r\n\r\nĐo chỉ số năng lượng cơ thể\r\n\r\nTính lượng calories tiêu thụ\r\n\r\nTheo dõi giấc ngủ\r\n\r\nTheo dõi mức độ stress\r\n\r\nĐo nhịp tim\r\n\r\nĐếm số bước chân\r\n\r\nTiện ích khác:\r\n\r\nBáo giờ mặt trời mọc, mặt trời lặn\r\n\r\nBáo thức\r\n\r\nDự báo thời tiết\r\n\r\nLa bàn\r\n\r\nPhát hiện té ngã\r\n\r\nRung thông báo\r\n\r\nTìm điện thoại\r\n\r\nĐiều khiển chơi nhạc\r\n\r\nĐo áp suất khí quyển\r\n\r\nĐếm bước chân\r\n\r\nĐồng hồ bấm giờ\r\n\r\nĐồng hồ đếm ngược\r\n\r\nNghe nhạc với tai nghe Bluetooth\r\n\r\nSạc pin năng lượng mặt trời\r\n\r\nHiển thị thông báo:\r\n\r\nCuộc gọi\r\n\r\nMessenger (Facebook)\r\n\r\nNội dung tin nhắn\r\n\r\nViber\r\n\r\nZalo\r\n\r\nPin\r\n\r\nThời gian sử dụng pin:\r\n\r\nKhoảng 25 giờ khi sử dụng GPSKhoảng 9 ngày (chế độ đồng hồ thông minh)\r\nThời gian sạc:\r\n\r\nKhoảng 2 giờ\r\nDung lượng pin:\r\n\r\nHãng không công bố\r\nCổng sạc:\r\n\r\nCổng sạc Universal\r\nCấu hình & Kết nối\r\n\r\nCPU:\r\n\r\nHãng không công bố\r\nBộ nhớ trong:\r\n\r\n32 GB\r\nHệ điều hành:\r\n\r\nHãng không công bố\r\nKết nối được với hệ điều hành:\r\n\r\nAndroidiOS\r\nỨng dụng quản lý:\r\n\r\nConnect IQ StoreGarmin Connect\r\nKết nối:\r\n\r\nBluetoothGPS\r\nCảm biến:\r\n\r\nCao áp kế\r\n\r\nĐo độ cao bằng khí áp\r\n\r\nGia tốc kế\r\n\r\nGalileo\r\n\r\nGLONASS\r\n\r\nGPS\r\n\r\nLa bàn điện tử\r\n\r\nNhiệt kế\r\n\r\nPulse Ox\r\n\r\nTheo dõi nhịp tim ở cổ tay Garmin Elevate\r\n\r\nThông tin khác\r\n\r\nThời gian ra mắt:\r\n\r\n9/2019\r\nNgôn ngữ:\r\n\r\nTiếng AnhTiếng Việt\r\nHãng:\r\n\r\nGarmin', 0),
(30, 5, 1, 'https://cdn.tgdd.vn/Products/Images/54/286335/bluetooth-true-wireless-oppo-enco-air-2-pro-ete21-1-1.jpg', 'Tai nghe Bluetooth True Wireless OPPO ENCO Air 2 Pro ETE21', 1790000, '', 'Thời gian sử dụng tai nghe:\r\n\r\nDùng 7 giờ - Sạc 1.5 giờ\r\nThời gian sử dụng hộp sạc:\r\n\r\nDùng 28 giờ - Sạc 2 giờ\r\nCổng sạc:\r\n\r\nType-C\r\nCông nghệ âm thanh:\r\n\r\ncodecAACcodecSBC\r\nTương thích:\r\n\r\nAndroidiOS (iPhone)\r\nỨng dụng kết nối:\r\n\r\nHeyMelody App\r\nTiện ích:\r\n\r\nChống nước & bụi IP54\r\n\r\nGame Mode\r\n\r\nChụp ảnh nhanh\r\n\r\nChống ồn chủ động ANC\r\n\r\nKết nối cùng lúc:\r\n\r\n2 thiết bị\r\nCông nghệ kết nối:\r\n\r\nBluetooth 5.2\r\nĐiều khiển:\r\n\r\nCảm ứng chạm\r\nPhím điều khiển:\r\n\r\nBật/Tắt Bluetooth\r\n\r\nChuyển bài hát\r\n\r\nPhát/dừng chơi nhạc\r\n\r\nTăng/giảm âm lượng\r\n\r\nKích thước:\r\n\r\nDài 3.4 cm - Rộng 2.4 cm - Cao 1.7 cm\r\nTrọng lượng:\r\n\r\n4.3 g\r\nThương hiệu của:\r\n\r\nTrung Quốc\r\nSản xuất tại:\r\n\r\nTrung Quốc\r\nHãng:\r\n\r\nOPPO', 0),
(31, 5, 1, 'https://cdn.tgdd.vn/Products/Images/4728/242564/camera-ip-mi-home-360-do-1080p-xiaomi-bhr4885gl-2-2-org.jpg', 'Camera IP 360 Độ 1080P Xiaomi Mi Home BHR4885GL Trắng', 795000, '', 'Độ phân giải\r\n\r\nFull HD 1080p\r\nGóc camera\r\n\r\nXoay dọc 108 độXoay ngang 360 độ\r\nLưu trữ\r\n\r\nMicroSD ≤ 32GB (4-5 ngày)\r\nTầm nhìn xa hồng ngoại\r\n\r\n10 m trong tối\r\nKết nối\r\n\r\nWifi\r\nHỗ trợ thiết bị\r\n\r\nAndroid, iOS (iPhone), iPadOS (iPad)\r\nĐiều khiển và xem trên điện thoại\r\n\r\nỨng dụng Mi Home\r\nTiện ích\r\n\r\nPhát hiện chuyển động\r\nVị trí lắp đặt\r\n\r\nTrong nhà\r\nĐàm thoại 2 chiều\r\n\r\nCó\r\nAdapter kèm theo\r\n\r\nKhông kèm Adapter\r\nKích thước\r\n\r\nDài 7 cm - Rộng 7 cm - Cao 11 cm\r\nThương hiệu của\r\n\r\nTrung Quốc\r\nSản xuất tại\r\n\r\nTrung Quốc\r\nHãng\r\n\r\nXiaomi', 0),
(32, 5, 1, 'https://cdn.tgdd.vn/Products/Images/4727/247335/bo-phat-song-wifi-6-bang-tan-kep-asus-ax53u-2-3.jpg', 'Router Wifi Chuẩn Wifi 6 Asus AX53U Đen', 1350000, '', 'Băng tần mạng:\r\n\r\n2.4GHz & 5GHz\r\nLoại thiết bị:\r\n\r\nRouter\r\nTốc độ Wifi:\r\n\r\n1201 Mbps (băng tần 5GHz)574 Mbps (băng tần 2.4GHz)\r\nChuẩn mạng:\r\n\r\nChuẩn Wifi 6 Mới (2.4 & 5GHz)\r\nSố Anten:\r\n\r\n4 ăng ten ngoài\r\nSố cổng:\r\n\r\n1 x USB 3.0\r\n\r\n1 x WAN\r\n\r\n3 x LAN\r\n\r\nSố user truy cập tối đa:\r\n\r\n30 user\r\nMật độ phủ sóng (bán kính):\r\n\r\n15 - 20 m\r\nNút bấm hỗ trợ:\r\n\r\n1 nút Reset\r\n\r\n1 nút WPS\r\n\r\nNút Mở/Tắt nguồn\r\n\r\nKích thước:\r\n\r\nDài 20 cm x rộng 14.5 cm x cao 24 cm\r\nSản xuất tại:\r\n\r\nTrung Quốc\r\nThương hiệu của:\r\n\r\nĐài Loan\r\nHãng:\r\n\r\nAsus', 0),
(33, 6, 1, 'https://www.sieuthimaychu.vn/datafiles/setone/16381492916951.jpg', 'Dell P2422H 23.8 inch Full HD', 5690000, '60 Hz 5 ms', 'Thông tin cấu hình\r\n\r\nLoại màn hình:\r\n\r\nPhẳng\r\nKích thước màn hình:\r\n\r\n23.8 inch\r\nĐộ phân giải:\r\n\r\nFull HD (1920 x 1080)\r\nTấm nền:\r\n\r\nIPS\r\nTần số quét:\r\n\r\n60 Hz\r\nThời gian đáp ứng:\r\n5ms\r\nCông nghệ màn hình:\r\n\r\nComfortView Plus\r\n\r\nDell Display Manager\r\n\r\nFlicker-free technology (Công nghệ chống nháy)\r\n\r\nLow Blue Light\r\n\r\nSố lượng màu:\r\n\r\n16.7 triệu màu\r\nĐộ sáng:\r\n\r\n250 cd/m2\r\nĐộ tương phản tĩnh:\r\n\r\n1000:1\r\nGóc nhìn:\r\n\r\n178°(Dọc) / 178°(Ngang)\r\nTiện ích và Cổng kết nối\r\n\r\nTiện ích:\r\n\r\nThay đổi được chiều caoXoay màn hình 90 độ\r\nCổng kết nối:\r\n\r\n4 x USB 3.2\r\n\r\nSuperSpeed USB 5Gbps upstream port\r\n\r\nDisplay Port\r\n\r\nVGA\r\n\r\nHDMI\r\n\r\nCông suất và Kích thước\r\n\r\nCông suất tiêu thụ điện:\r\n\r\nMin 12 W - Max 45W\r\nKích thước (có chân đế):\r\n\r\nNgang 537.8 mm - Cao 364 mm - Dày 179.57 mm\r\nTrọng lượng:\r\n\r\nHãng không công bố\r\nTrọng lượng có chân đế:\r\n\r\n5.57 kg', 1),
(34, 6, 1, 'https://dlcdnwebimgs.asus.com/gain/7f6a5f1d-c3c2-444b-8cf3-e5c2cf4dc5e8/w692', 'Asus TUF Gaming VG27VQ 27 inch Full HD', 7190000, '165 Hz 1 ms MPRT', 'Thông tin cấu hình\r\n\r\nLoại màn hình:\r\n\r\nCong\r\nKích thước màn hình:\r\n\r\n27 inch\r\nĐộ phân giải:\r\n\r\nFull HD (1920 x 1080)\r\nTấm nền:\r\n\r\nVA\r\nTần số quét:\r\n\r\n165 Hz\r\nThời gian đáp ứng:\r\n1ms MPRT\r\nCông nghệ màn hình:\r\n\r\nAMD Free SyncVA with LED backlight\r\nSố lượng màu:\r\n\r\n16.7 triệu màu\r\nĐộ sáng:\r\n\r\n400 cd/m2\r\nĐộ tương phản tĩnh:\r\n\r\n3000:1\r\nGóc nhìn:\r\n\r\n178°(Dọc) / 178°(Ngang)\r\nTiện ích và Cổng kết nối\r\n\r\nTiện ích:\r\n\r\nCó loa tích hợpThay đổi được chiều cao\r\nCổng kết nối:\r\n\r\nDisplay Port\r\n\r\nDVI\r\n\r\nHDMI\r\n\r\nCông suất và Kích thước\r\n\r\nCông suất tiêu thụ điện:\r\n\r\n40 W\r\nKích thước (có chân đế):\r\n\r\nNgang 609 mm - Cao 397 đến 507 mm - Dày 211 mm\r\nTrọng lượng:\r\n\r\n6 kg', 0);
INSERT INTO `products` (`id`, `id_category`, `featured`, `thumbnail`, `name`, `price`, `short_des`, `descript`, `favorite`) VALUES
(35, 6, 1, 'https://cdn.tgdd.vn/Products/Images/5697/271555/dell-lcd-gaming-monitor-27-inch-qhd-165hz-1ms-s2722dgm-1-600x600.jpg', 'Dell Gaming S2722DGM 27 inch QHD', 11490000, '165 Hz 1 ms MPRT', 'Thông tin cấu hình\r\n\r\nLoại màn hình:\r\n\r\nCong\r\nKích thước màn hình:\r\n\r\n27 inch\r\nĐộ phân giải:\r\n\r\n2K (2560 x 1440)\r\nTấm nền:\r\n\r\nVA\r\nTần số quét:\r\n\r\n165 Hz\r\nThời gian đáp ứng:\r\n1ms MPRT\r\nCông nghệ màn hình:\r\n\r\n99% sRGB color gamut\r\n\r\nDell ComfortView\r\n\r\nLow Blue Light\r\n\r\nSố lượng màu:\r\n\r\n16.7 triệu màu\r\nĐộ sáng:\r\n\r\n350 cd/m2\r\nĐộ tương phản tĩnh:\r\n\r\n3000:1\r\nGóc nhìn:\r\n\r\n178°(Dọc) / 178°(Ngang)\r\nTiện ích và Cổng kết nối\r\n\r\nTiện ích:\r\n\r\nKhông có loa tích hợp\r\nCổng kết nối:\r\n\r\n2 x HDMI\r\n\r\nDisplay Port\r\n\r\nJack tai nghe 3.5 mm\r\n\r\nCông suất và Kích thước\r\n\r\nCông suất tiêu thụ điện:\r\n\r\n56 W\r\nKích thước (có chân đế):\r\n\r\nNgang 608.38 mm - Cao 493.21 mm - Dày 190.37 mm\r\nTrọng lượng:\r\n\r\n9.12 kg', 0),
(36, 7, 1, 'https://ae01.alicdn.com/kf/H167b78b59f374db8a622cc39e597cfa2y.jpg', 'Bàn phím cơ keydous NJ80 AP - Case White (Plate Thép - Kailh box red switch)', 2640000, '', 'Trọng lượng\r\n1.1 kg\r\nTương thích\r\nWindows/MacOS\r\nLoại kết nối\r\nKhông dây\r\nCó dây\r\nKết nối qua\r\nBluetooth 5.0\r\nWireless 2.4Ghz\r\nUSB C\r\nĐèn Led\r\nRGB\r\nKích thước\r\nDài: 32.5 cm, Rộng: 14.1 cm, Cao: 4.2 cm\r\nChất liệu khung\r\nNhựa\r\nThời lượng pin\r\n4000mAh\r\nKeycap\r\nKeycap PBT- Cherry profile\r\nLoại switch\r\nKailh box red switch (Cho phép Hotswap)\r\nLayout\r\n75%\r\nSố nút bấm\r\n80 Nút\r\nLoại bàn phím\r\nPhím Cơ', 0),
(37, 7, 1, 'https://media-api-beta.thinkpro.vn/media/core/products/2022/2/8/PC75B%20Tiger_4.jpg?w=700&h=700', 'Bàn phím cơ AKKO PC75B Plus Year of Tiger (AKKO CS Switch Silver - Pre Lube)', 2399000, '', 'Trọng lượng\r\n1 kg\r\nTương thích\r\nWindows / MacOS / Linux\r\nLoại kết nối\r\nKhông dây\r\nCó dây\r\nKết nối qua\r\nUSB Type C\r\nBluetooth 5.0\r\nWireless 2.4Ghz\r\nKích thước\r\nDài: 33 cm, Rộng: 11.5 cm, Cao: 4.6 cm\r\nChất liệu khung\r\nNhựa\r\nThời lượng pin\r\n3000mAh\r\nKeycap\r\nPBT Dye-Subbed, JDA profile\r\nLoại switch\r\nAKKO CS Switch Silver - Đã được lube sẵn\r\nLayout\r\nFullsize\r\nSố nút bấm\r\n75 Nút\r\nLoại bàn phím\r\nPhím cơ', 0),
(38, 7, 1, 'https://media-api-beta.thinkpro.vn/media/core/products/2022/5/23/Z75_01.png?w=500&h=500', 'Bàn phím cơ IQUNIX ZX-75 Gravity Wave (Non Blacklit - Cherry MX Red Switch)', 4350000, '', 'Trọng lượng\r\n1.2 kg\r\nTương thích\r\nWindows/MacOS\r\nLoại kết nối\r\nKhông dây\r\nCó dây\r\nKết nối qua\r\nBluetooth 5.1\r\nWireless 2.4Ghz\r\nKích thước\r\nDài: 32.5 cm, Rộng: 16.2 cm, Cao: 4.5 cm\r\nChất liệu khung\r\nNhựa PBT\r\nThời lượng pin\r\n6000mAh\r\nKeycap\r\nNhựa PBT - Cherry profile\r\nLoại switch\r\nCherry MX Red - Hotswap\r\nLayout\r\n75%\r\nSố nút bấm\r\n81 Nút\r\nLoại bàn phím\r\nPhím cơ', 0),
(39, 8, 1, 'https://dienmayhungthinh.vn/wp-content/uploads/2021/09/smart-tivi-khung-tranh-the-frame-qled-samsung-4k-55-inch-qa55ls03t-4.jpg', 'Smart Tivi khung tranh The Frame 4K Samsung 55 inch QA55LS03A (Model 2021)', 19000000, '55 inch 4K 120Hz', 'Kích cỡ màn hình\r\n\r\n55 inch\r\nĐộ phân giải\r\n\r\n4K\r\nLoại màn hình\r\n\r\nLED\r\nKhoảng cách xem an toàn cho mắt\r\n\r\n44 - 55\" (khoảng 3 - 4m)\r\nLoại tivi\r\n\r\nTivi LED, Smart tivi, Tivi thiết kế đặc biệt\r\nThương hiệu\r\n\r\nHàn Quốc\r\nSản xuất tại\r\n\r\nViệt Nam\r\nCông nghệ hình ảnh\r\n\r\nCông nghệ hình ảnh\r\n\r\nAdaptive Picture\r\nAmbient Mode+\r\nBrightness/Color Detection\r\nBộ xử lý Quantum 4K\r\nChuyển động mượt Motion Xcelerator Turbo+\r\nChuyển động ảnh mượt mà Auto Motion Plus\r\nChế độ Game Motion Plus\r\nChế độ hình ảnh tự nhiên Natural Mode\r\nChế độ phim Film mode\r\nChế độ tranh nghệ thuật Art Mode\r\nChống xé hình FreeSync Premium Pro\r\nGiảm độ trễ chơi game Auto Low Latency Mode (ALLM)\r\nKhử nhiễu hình ảnh Digital Clean View\r\nNâng cấp độ tương phản Contrast Enhancer\r\nQuantum Dot hiển thị 100% dải màu\r\nQuantum HDR\r\nSuper Ultra Wide Game View & Game Bar\r\nSupreme UHD Dimming\r\nĐộ tương phản cao - Mega Contrast\r\nTần số quét\r\n\r\n120Hz\r\nCông nghệ âm thanh\r\n\r\nCông nghệ âm thanh\r\n\r\nKhuếch đại âm thoại chủ động AVA\r\nQ-Symphony kết hợp loa tivi với loa thanh\r\nÂm thanh chuyển động theo hình ảnh OTS Lite\r\nThông số khác\r\n\r\nTổng công suất loa\r\n\r\n40W\r\nCác cổng kết nối\r\n\r\nKết nối Internet\r\n\r\nCổng mạng LAN, Wifi\r\nKết nối không dây\r\n\r\nBluetooth\r\nCổng nhận hình ảnh, âm thanh\r\n\r\n4x HDMI có 1 cổng HDMI ARC, 1 cổng Composite\r\nCổng xuất âm thanh\r\n\r\n1x Optical (Digital Audio)\r\n1x eARC\r\nCổng USB\r\n\r\n2x USB A\r\nTính năng và tiện ích\r\n\r\nHệ điều hành\r\n\r\nTizen OS\r\nCông nghệ chiếu hình từ điện thoại lên TV\r\n\r\nAirPlay 2\r\nScreen Mirroring\r\nTap View\r\nTiện ích nổi bật\r\n\r\nTìm kiếm giọng nói bằng tiếng Việt, Tích hợp trợ lí ảo Google Assistant, Chiếu hình ảnh từ điện thoại lên TV, Điều khiển qua ứng dụng\r\nỨng dụng điều khiển\r\n\r\nSmartThings\r\nTính năng khác\r\n\r\nBixby (Chưa có tiếng Việt)\r\nGoogle Assistant có tiếng Việt\r\nTìm kiếm giọng nói trên YouTube bằng tiếng Việt\r\nThiết kế và lắp đặt\r\n\r\nKích thước (Bao gồm kích thước có chân đế và không chân đế)\r\n\r\nKhông có chân đế: 123.7 x 70.8 x 2.5 cm (Ngang x Cao x Dày)\r\nCó chân đế: 123.7 x 74.3 x 22.7 cm (Ngang x Cao x Dày)\r\nKhối lượng (Bao gồm khối lượng có chân đế và không chân đế)\r\n\r\nCó chân đế: 17.0 Kg\r\nKhông có chân đế: 16.6 Kg\r\nChất liệu (Bao gồm chất liệu chân đế và khung viền)\r\n\r\nChất liệu chân đế: Nhựa\r\nChất liệu khung viền: Nhựa', 0),
(40, 8, 1, 'https://manhnguyen.com.vn/img/uploads/smart-tivi-lg-4k-70-inch-70up7800-10.jpg', 'Smart Tivi LG 4K 75 inch 75UP7800PTB', 22450000, '75 inch 4K 60Hz', 'Kích cỡ màn hình\r\n\r\n75 inch\r\nĐộ phân giải\r\n\r\n4K\r\nLoại màn hình\r\n\r\nLED\r\nKhoảng cách xem an toàn cho mắt\r\n\r\nTrên 66\" (trên 6m)\r\nLoại tivi\r\n\r\nTivi LED, Smart tivi\r\nThương hiệu\r\n\r\nHàn Quốc\r\nSản xuất tại\r\n\r\nIndonesia\r\nCông nghệ hình ảnh\r\n\r\nCông nghệ hình ảnh\r\n\r\n4K Upscaling\r\n4K Upscaler\r\nHDR10 Pro\r\nTự động điều chỉnh độ sáng bởi AI\r\nFILMMAKER MODE\r\nImage Enhancing\r\nActive HDR\r\nHDR Dynamic Tone Mapping\r\nTần số quét\r\n\r\n60Hz\r\nCông nghệ âm thanh\r\n\r\nCông nghệ âm thanh\r\n\r\nAI Sound/Pro\r\nLG Sound Sync\r\nSound Mode Sync\r\nSound Alive\r\nAI Acoustic Tuning\r\nBluetooth Surround Ready\r\nThông số khác\r\n\r\nTổng công suất loa\r\n\r\n20W\r\nCác cổng kết nối\r\n\r\nKết nối Internet\r\n\r\nLAN, Wifi\r\nKết nối không dây\r\n\r\nBluetooth (Kết nối loa, thiết bị di động)\r\nCổng nhận hình ảnh, âm thanh\r\n\r\n2 cổng HDMI có 1 cổng HDMI eARC (ARC)\r\nCổng xuất âm thanh\r\n\r\n1 cổng eARC (ARC)\r\nCổng USB\r\n\r\n1x USB\r\nTính năng và tiện ích\r\n\r\nHệ điều hành\r\n\r\nWebOS\r\nCông nghệ chiếu hình từ điện thoại lên TV\r\n\r\nAirPlay 2, Screen Mirroring\r\nTiện ích nổi bật\r\n\r\nTích hợp trợ lí ảo Google Assistant, Điều khiển qua ứng dụng\r\nỨng dụng điều khiển\r\n\r\nỨng dụng LG TV Plus\r\nTính năng khác\r\n\r\nApple Homekit\r\nAI Home\r\nTrợ lý ảo Google Assistant\r\nTìm kiếm bằng giọng nói\r\nAmazon Alexa\r\nThiết kế và lắp đặt\r\n\r\nKích thước (Bao gồm kích thước có chân đế và không chân đế)\r\n\r\nCó chân đế: 1678 x 1045 x 378 mm\r\nKhông có chân đế: 1678 x 964 x 59.9 mm\r\nKhối lượng (Bao gồm khối lượng có chân đế và không chân đế)\r\n\r\nCó chân đế: 34.6 kg\r\nKhông có chân đế: 31.4 kg\r\nChất liệu (Bao gồm chất liệu chân đế và khung viền)\r\n\r\nChất liệu viền tivi: Nhựa\r\nChất liệu chân đế: Nhựa', 0),
(41, 8, 1, 'https://cdn01.dienmaycholon.vn/filewebdmclnew/public/userupload/files/L%C3%B4%CC%83i/65X95K/4.jpg', 'Smart Tivi Sony 4K 75 inch XR-75X95K VN3', 117180000, '75 inch 4K 100Hz', 'Kích cỡ màn hình\r\n\r\n75 inch\r\nĐộ phân giải\r\n\r\n4K\r\nKhoảng cách xem an toàn cho mắt\r\n\r\nTrên 66\" (trên 6m)\r\nLoại tivi\r\n\r\nAndroid Tivi, Smart tivi\r\nThương hiệu\r\n\r\nNhật Bản\r\nSản xuất tại\r\n\r\nMalaysia\r\nCông nghệ hình ảnh\r\n\r\nCông nghệ hình ảnh\r\n\r\nLoại màn hình: Mini LED, Công nghệ chống phản chiếu X-Anti Reflection\r\nGóc nhìn rộng X-Wide Angle\r\nHiệu chuẩn màu sắc Netflix Calibrated Mode\r\nKiểm soát đèn nền XR Backlight Master Drive\r\nLàm mượt chuyển động XR Motion Clarity\r\nTăng cường màu sắc XR Trilumin\r\nBộ xử lý trí tuệ nhận thức XR Cognitive\r\nTần số quét\r\n\r\n100Hz\r\nCông nghệ âm thanh\r\n\r\nCông nghệ âm thanh\r\n\r\nDolby Atmos\r\nNâng cấp âm thanh vòm 3D\r\nÂm thanh từ màn hình Acoustic Multi Audio\r\nThông số khác\r\n\r\nTổng công suất loa\r\n\r\n60W\r\nCác cổng kết nối\r\n\r\nKết nối Internet\r\n\r\nCổng mạng LANWifi\r\nKết nối không dây\r\n\r\nBluetooth (Kết nối loa, thiết bị di động)\r\nCổng nhận hình ảnh, âm thanh\r\n\r\n4 x HDMI\r\nCổng xuất âm thanh\r\n\r\n1 cổng 3.5 mm, 1 cổng Optical (Digital Audio), 1 cổng eARC (ARC)\r\nCổng USB\r\n\r\n2 x USB A\r\nTính năng và tiện ích\r\n\r\nHệ điều hành\r\n\r\nGoogle TV\r\nCông nghệ chiếu hình từ điện thoại lên TV\r\n\r\nAirPlay 2, Chromecast\r\nTiện ích nổi bật\r\n\r\nTìm kiếm giọng nói bằng tiếng Việt, Tích hợp trợ lí ảo Google Assistant, Chiếu hình ảnh từ điện thoại lên TV\r\nỨng dụng điều khiển\r\n\r\nAndroid TV\r\nTính năng khác\r\n\r\nBravia CAM (mua thêm camera), Micro tích hợp trên TV điều khiển giọng nói rảnh tay\r\nThiết kế và lắp đặt\r\n\r\nKích thước (Bao gồm kích thước có chân đế và không chân đế)\r\n\r\nCó chân đế: 166.7 x 97.2 x 39.1 cm\r\nKhông chân đế: 166.7 x 96.1 x 5.6 cm\r\nKhối lượng (Bao gồm khối lượng có chân đế và không chân đế)\r\n\r\nCó chân đế: 44.1 kg\r\nKhông chân đế: 42.7 kg\r\nChất liệu (Bao gồm chất liệu chân đế và khung viền)\r\n\r\nChân đế: Nhôm\r\nKhung viền: Kim loại', 0),
(45, 1, 1, 'https://cdn.tgdd.vn/Products/Images/42/260546/oppo-reno8-pro-black-11.jpg', 'OPPO Reno8 Pro 5G', 18990000, '6.7\" Full HD+', 'Màn hình\r\n\r\nCông nghệ màn hình:\r\n\r\nAMOLED\r\nĐộ phân giải:\r\nFull HD+ (1080 x 2412 Pixels)\r\nMàn hình rộng:\r\n\r\n6.7\" - Tần số quét 120 Hz\r\nĐộ sáng tối đa:\r\n800 nits\r\nMặt kính cảm ứng:\r\n\r\nKính cường lực Corning Gorilla Glass 5\r\nCamera sau\r\n\r\nĐộ phân giải:\r\nChính 50 MP & Phụ 8 MP, 2 MP\r\nQuay phim:\r\n\r\nHD 720p@30fps\r\n\r\nFullHD 1080p@60fps\r\n\r\n4K 2160p@30fps\r\n\r\nFullHD 1080p@30fps\r\n\r\nHD 720p@60fps\r\n\r\nĐèn Flash:\r\n\r\nCó\r\nTính năng:\r\n\r\nQuay video hiển thị kép\r\n\r\nChuyên nghiệp (Pro)\r\n\r\nTự động lấy nét (AF)\r\n\r\nHDR\r\n\r\nToàn cảnh (Panorama)\r\n\r\nNhãn dán (AR Stickers)\r\n\r\nLàm đẹp\r\n\r\nBan đêm (Night Mode)\r\n\r\nQuay chậm (Slow Motion)\r\n\r\nTrôi nhanh thời gian (Time Lapse)\r\n\r\nXóa phông\r\n\r\nSiêu độ phân giải\r\n\r\nAI Camera\r\n\r\nZoom kỹ thuật số\r\n\r\nSiêu cận (Macro)\r\n\r\nGóc siêu rộng (Ultrawide)\r\n\r\nBộ lọc màu\r\n\r\nCamera trước\r\n\r\nĐộ phân giải:\r\n32 MP\r\nTính năng:\r\n\r\nTrôi nhanh thời gian (Time Lapse)\r\n\r\nLàm đẹp\r\n\r\nHDR\r\n\r\nQuay video Full HD\r\n\r\nToàn cảnh (Panorama)\r\n\r\nQuay video HD\r\n\r\nXóa phông\r\n\r\nNhãn dán (AR Stickers)\r\n\r\nA.I Camera\r\n\r\nGóc siêu rộng (Ultrawide)\r\n\r\nChụp đêm\r\n\r\nBộ lọc màu\r\n\r\nHệ điều hành & CPU\r\n\r\nHệ điều hành:\r\nAndroid 12\r\nChip xử lý (CPU):\r\n\r\nMediaTek Dimensity 8100 Max 8 nhân\r\nTốc độ CPU:\r\n2.85 GHz\r\nChip đồ họa (GPU):\r\n\r\nMali G610 MC6\r\nBộ nhớ & Lưu trữ\r\n\r\nRAM:\r\n12 GB\r\nDung lượng lưu trữ:\r\n\r\n256 GB\r\nDung lượng còn lại (khả dụng) khoảng:\r\n\r\n241 GB\r\nDanh bạ:\r\n\r\nKhông giới hạn\r\nKết nối\r\n\r\nMạng di động:\r\n\r\nHỗ trợ 5G\r\nSIM:\r\n\r\n2 Nano SIM\r\nWifi:\r\nDual-band (2.4 GHz/5 GHz)Wi-Fi 802.11 a/b/g/n/ac/ax\r\nGPS:\r\nGPS\r\n\r\nGLONASS\r\n\r\nGALILEO\r\n\r\nQZSS\r\n\r\nBEIDOU\r\n\r\nBluetooth:\r\nv5.3\r\nCổng kết nối/sạc:\r\n\r\nType-C\r\nJack tai nghe:\r\n\r\nType-C\r\nKết nối khác:\r\n\r\nOTG\r\nPin & Sạc\r\n\r\nDung lượng pin:\r\n\r\n4500 mAh\r\nLoại pin:\r\n\r\nLi-Po\r\nHỗ trợ sạc tối đa:\r\n\r\n80 W\r\nSạc kèm theo máy:\r\n\r\n80 W\r\nCông nghệ pin:\r\n\r\nSạc siêu nhanh SuperVOOC\r\nTiện ích\r\n\r\nBảo mật nâng cao:\r\n\r\nMở khoá vân tay dưới màn hìnhMở khoá khuôn mặt\r\nTính năng đặc biệt:\r\n\r\nChế độ đơn giản (Giao diện đơn giản)\r\n\r\nChạm 2 lần tắt/sáng màn hình\r\n\r\nVẽ lên màn hình để mở nhanh ứng dụng\r\n\r\nChặn cuộc gọi\r\n\r\nChặn tin nhắn\r\n\r\nỨng dụng kép (Nhân bản ứng dụng)\r\n\r\nMàn hình luôn hiển thị AOD\r\n\r\nTrợ lý ảo Google Assistant\r\n\r\nTích hợp NPU MariSilicon X\r\n\r\nChế độ trẻ em (Không gian trẻ em)\r\n\r\nKhông gian thứ hai\r\n\r\nCử chỉ màn hình tắt\r\n\r\nLoa kép\r\n\r\nMở rộng bộ nhớ RAM\r\n\r\nKháng nước, bụi:\r\n\r\nIP54\r\nGhi âm:\r\n\r\nGhi âm mặc địnhGhi âm cuộc gọi\r\nXem phim:\r\n\r\nMP4AVI\r\nNghe nhạc:\r\n\r\nOGG\r\n\r\nMP3\r\n\r\nMidi\r\n\r\nFLAC\r\n\r\nThông tin chung\r\n\r\nThiết kế:\r\n\r\nNguyên khối\r\nChất liệu:\r\n\r\nKhung kim loại & Mặt lưng kính cường lực Gorilla Glass 5\r\nKích thước, khối lượng:\r\n\r\nDài 161.2 mm - Ngang 74.2 mm - Dày 7.34 mm - Nặng 183 g\r\nThời điểm ra mắt:\r\n\r\n09/2022', 0),
(46, 1, 1, 'https://cdn.tgdd.vn/Products/Images/42/267984/xiaomi-13-den-glr-5.jpg', 'Xiaomi 13', 19990000, '6.36\" Full HD+', 'Xiaomi 13 5G - chiếc điện thoại đáng chú ý trên thị trường với nhiều điểm nâng cấp ấn tượng trong phân khúc giá. Máy mang đến trải nghiệm chụp ảnh thú vị với nhiều bộ lọc màu cũng như chế độ độc đáo mà Leica cung cấp, cùng với đó là chip Snapdragon 8 Gen 2 sở hữu hiệu năng cực kỳ mạnh mẽ giúp mọi trải nghiệm đều trở nên mượt mà.\r\nHiệu năng mạnh mẽ top đầu ngành điện thoại\r\nĐể mang nhiều lợi thế hơn so với các sản phẩm khác cùng phân khúc thì Xiaomi cũng đã chú trọng và nâng cấp tối đa hiệu năng cho máy, điều này được chứng minh bằng việc hãng đã trang bị con chip Snapdragon 8 Gen 2 cho Xiaomi 13.', 0);

-- --------------------------------------------------------

--
-- Cấu trúc bảng cho bảng `thumbnailurl`
--

CREATE TABLE `thumbnailurl` (
  `id_slider` int(11) NOT NULL,
  `link_img` text NOT NULL,
  `id` int(11) NOT NULL
) ENGINE=InnoDB DEFAULT CHARSET=utf8mb4 COLLATE=utf8mb4_general_ci;

--
-- Đang đổ dữ liệu cho bảng `thumbnailurl`
--

INSERT INTO `thumbnailurl` (`id_slider`, `link_img`, `id`) VALUES
(1, 'https://cdn.tgdd.vn/Products/Images/42/235838/samsung-galaxy-s22-ultra-1-1.jpg', 1),
(3, 'https://cdn.tgdd.vn/Products/Images/42/235838/samsung-galaxy-s22-ultra-do-10.jpg', 1),
(4, 'https://cdn.tgdd.vn/Products/Images/42/235838/samsung-galaxy-s22-ultra-do-5.jpg', 1),
(5, 'https://cdn.tgdd.vn/Products/Images/42/235838/samsung-galaxy-s22-ultra-do-6.jpg', 1),
(6, 'https://cdn.tgdd.vn/Products/Images/42/235838/samsung-galaxy-s22-ultra-do-11.jpg', 1),
(7, 'https://cdn.tgdd.vn/Products/Images/42/235838/samsung-galaxy-s22-ultra-do-12.jpg', 1),
(8, 'https://cdn.tgdd.vn/Products/Images/42/235838/samsung-galaxy-s22-ultra-do-13.jpg', 1),
(19, 'https://cdn.tgdd.vn/Products/Images/42/251192/iphone-14-pro-max-purple-1.jpg', 4),
(20, 'https://cdn.tgdd.vn/Products/Images/42/251192/iphone-14-pro-max-purple-4.jpg', 4),
(21, 'https://cdn.tgdd.vn/Products/Images/42/251192/iphone-14-pro-max-purple-5.jpg', 4),
(22, 'https://cdn.tgdd.vn/Products/Images/42/251192/iphone-14-pro-max-purple-11.jpg', 4),
(23, 'https://cdn.tgdd.vn/Products/Images/42/230529/iphone-13-pro-max-12-3.jpg', 4),
(24, 'https://cdn.tgdd.vn/Products/Images/42/226935/samsung-galaxy-z-fold-3-1-3.jpg', 5),
(25, 'https://cdn.tgdd.vn/Products/Images/42/226935/samsung-galaxy-z-fold-3-2-3.jpg', 5),
(26, 'https://cdn.tgdd.vn/Products/Images/42/226935/samsung-galaxy-z-fold-3-5-3.jpg', 5),
(27, 'https://cdn.tgdd.vn/Products/Images/42/226935/samsung-galaxy-z-fold-3-6-3.jpg', 5),
(28, 'https://cdn.tgdd.vn/Products/Images/42/226935/samsung-galaxy-z-fold-3-13-3.jpg', 5),
(29, 'https://cdn.tgdd.vn/Products/Images/42/226935/samsung-galaxy-z-fold-3-14-2.jpg', 5),
(30, 'https://cdn.tgdd.vn/Products/Images/42/226935/samsung-galaxy-z-fold-3-15-2.jpg', 5),
(31, 'https://cdn.tgdd.vn/Products/Images/42/226935/samsung-galaxy-z-fold-3-16-2.jpg', 5),
(32, 'https://cdn.tgdd.vn/Products/Images/42/253138/vivo-x80-temp-glr-1.jpg', 6),
(33, 'https://cdn.tgdd.vn/Products/Images/42/253138/vivo-x80-glr-xanh-1.jpg', 6),
(34, 'https://cdn.tgdd.vn/Products/Images/42/253138/vivo-x80-glr-xanh-4.jpg', 6),
(35, 'https://cdn.tgdd.vn/Products/Images/42/253138/vivo-x80-glr-xanh-5.jpg', 6),
(36, 'https://cdn.tgdd.vn/Products/Images/42/253138/vivo-x80-glr-xanh-11.jpg', 6),
(37, 'https://cdn.tgdd.vn/Products/Images/42/253138/vivo-x80-glr-xanh-12.jpg', 6),
(38, 'https://cdn.tgdd.vn/Products/Images/42/253138/vivo-x80-glr-xanh-13.jpg', 6),
(39, 'https://cdn.tgdd.vn/Products/Images/42/234621/1.jpg', 7),
(40, 'https://cdn.tgdd.vn/Products/Images/42/234621/4.jpg', 7),
(41, 'https://cdn.tgdd.vn/Products/Images/42/234621/5.jpg', 7),
(42, 'https://cdn.tgdd.vn/Products/Images/42/234621/6.jpg', 7),
(43, 'https://cdn.tgdd.vn/Products/Images/42/234621/11.jpg', 7),
(44, 'https://cdn.tgdd.vn/Products/Images/42/234621/12.jpg', 7),
(45, 'https://cdn.tgdd.vn/Products/Images/42/234621/13.jpg', 7),
(46, 'https://cdn.tgdd.vn/Products/Images/42/229949/samsung-galaxy-z-flip-3-1-3.jpg', 8),
(47, 'https://cdn.tgdd.vn/Products/Images/42/229949/samsung-galaxy-z-flip-3-2-3.jpg', 8),
(48, 'https://cdn.tgdd.vn/Products/Images/42/229949/samsung-galaxy-z-flip-3-5-3.jpg', 8),
(49, 'https://cdn.tgdd.vn/Products/Images/42/229949/samsung-galaxy-z-flip-3-6-3.jpg', 8),
(50, 'https://cdn.tgdd.vn/Products/Images/42/229949/samsung-galaxy-z-flip-3-13-3.jpg', 8),
(51, 'https://cdn.tgdd.vn/Products/Images/42/229949/samsung-galaxy-z-flip-3-14-3.jpg', 8),
(52, 'https://cdn.tgdd.vn/Products/Images/42/250622/oppo-find-x5-pro-trang-1.jpg', 9),
(53, 'https://cdn.tgdd.vn/Products/Images/42/250622/oppo-find-x5-pro-trang-4.jpg', 9),
(54, 'https://cdn.tgdd.vn/Products/Images/42/250622/oppo-find-x5-pro-trang-5.jpg', 9),
(55, 'https://cdn.tgdd.vn/Products/Images/42/250622/oppo-find-x5-pro-trang-11.jpg', 9),
(56, 'https://cdn.tgdd.vn/Products/Images/42/250622/oppo-find-x5-pro-trang-12.jpg', 9),
(57, 'https://cdn.tgdd.vn/Products/Images/42/271695/samsung-galaxy-s22-green.jpg', 10),
(58, 'https://cdn.tgdd.vn/Products/Images/42/271695/samsung-galaxy-s22-den-1.jpg', 10),
(59, 'https://cdn.tgdd.vn/Products/Images/42/271695/samsung-galaxy-s22-den-4.jpg', 10),
(60, 'https://cdn.tgdd.vn/Products/Images/42/271695/samsung-galaxy-s22-den-11.jpg', 10),
(61, 'https://cdn.tgdd.vn/Products/Images/44/239552/Slider/vi-vn-apple-macbook-air-m1-2020-z124000de-1.jpg', 11),
(62, 'https://cdn.tgdd.vn/Products/Images/44/239552/Slider/vi-vn-apple-macbook-air-m1-2020-z124000de-2.jpg', 11),
(63, 'https://cdn.tgdd.vn/Products/Images/44/239552/Slider/vi-vn-apple-macbook-air-m1-2020-z124000de-3.jpg', 11),
(64, 'https://cdn.tgdd.vn/Products/Images/44/239552/Slider/apple-macbook-air-m1-2020-z124000de-4-1-1-1020x570.jpeg', 11),
(65, 'https://cdn.tgdd.vn/Products/Images/44/239552/Slider/vi-vn-apple-macbook-air-m1-2020-z124000de-3.jpg', 11),
(66, 'https://cdn.tgdd.vn/Products/Images/44/239552/Slider/apple-macbook-air-m1-2020-z124000de-4-1-1-1020x570.jpeg', 11),
(67, 'https://cdn.tgdd.vn/Products/Images/44/239552/Slider/vi-vn-apple-macbook-air-m1-2020-z124000de-5.jpg', 11),
(68, 'https://cdn.tgdd.vn/Products/Images/44/239552/Slider/vi-vn-apple-macbook-air-m1-2020-z124000de-6.jpg', 11),
(69, 'https://cdn.tgdd.vn/Products/Images/44/239552/Slider/vi-vn-apple-macbook-air-m1-2020-z124000de-7.jpg', 11),
(70, 'https://cdn.tgdd.vn/Products/Images/44/239552/Slider/vi-vn-apple-macbook-air-m1-2020-z124000de9.jpg', 11),
(71, 'https://cdn.tgdd.vn/Products/Images/44/271090/Slider/dell-gaming-alienware-m15-r6-i7-70272633-fix-01-1020x570.jpg', 12),
(72, 'https://cdn.tgdd.vn/Products/Images/44/271090/Slider/vi-vn-dell-gaming-alienware-m15-r6-i7-70272633-02.jpg', 12),
(73, 'https://cdn.tgdd.vn/Products/Images/44/271090/Slider/vi-vn-dell-gaming-alienware-m15-r6-i7-70272633-03.jpg', 12),
(74, 'https://cdn.tgdd.vn/Products/Images/44/271090/Slider/vi-vn-dell-gaming-alienware-m15-r6-i7-70272633-04.jpg', 12),
(75, 'https://cdn.tgdd.vn/Products/Images/44/271090/Slider/vi-vn-dell-gaming-alienware-m15-r6-i7-70272633-05.jpg', 12),
(76, 'https://cdn.tgdd.vn/Products/Images/44/271090/Slider/vi-vn-dell-gaming-alienware-m15-r6-i7-70272633-06.jpg', 12),
(77, 'https://cdn.tgdd.vn/Products/Images/44/271090/Slider/vi-vn-dell-gaming-alienware-m15-r6-i7-70272633-07.jpg', 12),
(78, 'https://cdn.tgdd.vn/Products/Images/44/271090/Slider/vi-vn-dell-gaming-alienware-m15-r6-i7-70272633-08.jpg', 12),
(79, 'https://cdn.tgdd.vn/Products/Images/44/282885/Slider/vi-vn-apple-macbook-pro-m2-2022-01.jpg', 13),
(80, 'https://cdn.tgdd.vn/Products/Images/44/282885/Slider/vi-vn-apple-macbook-pro-m2-2022-02.jpg', 13),
(81, 'https://cdn.tgdd.vn/Products/Images/44/282885/Slider/vi-vn-apple-macbook-pro-m2-2022-03.jpg', 13),
(82, 'https://cdn.tgdd.vn/Products/Images/44/282885/Slider/vi-vn-apple-macbook-pro-m2-2022-04.jpg', 13),
(83, 'https://cdn.tgdd.vn/Products/Images/44/282885/Slider/vi-vn-apple-macbook-pro-m2-2022-05.jpg', 13),
(84, 'https://cdn.tgdd.vn/Products/Images/44/282885/Slider/6-1020x569.jpg', 13),
(85, 'https://cdn.tgdd.vn/Products/Images/44/282885/Slider/vi-vn-apple-macbook-pro-m2-2022-07.jpg', 13),
(86, 'https://cdn.tgdd.vn/Products/Images/44/282885/Slider/vi-vn-apple-macbook-pro-m2-2022-08.jpg', 13),
(87, 'https://cdn.tgdd.vn/Products/Images/44/282885/Slider/vi-vn-apple-macbook-pro-m2-2022-09.jpg', 13),
(88, 'https://cdn.tgdd.vn/Products/Images/44/282885/Slider/vi-vn-apple-macbook-pro-m2-2022-01.jpg', 13),
(89, 'https://cdn.tgdd.vn/Products/Images/44/282885/Slider/vi-vn-apple-macbook-pro-m2-2022-02.jpg', 13),
(90, 'https://cdn.tgdd.vn/Products/Images/44/282885/Slider/vi-vn-apple-macbook-pro-m2-2022-03.jpg', 13),
(91, 'https://cdn.tgdd.vn/Products/Images/44/282885/Slider/vi-vn-apple-macbook-pro-m2-2022-04.jpg', 13),
(92, 'https://cdn.tgdd.vn/Products/Images/44/282885/Slider/vi-vn-apple-macbook-pro-m2-2022-05.jpg', 13),
(93, 'https://cdn.tgdd.vn/Products/Images/44/282885/Slider/6-1020x569.jpg', 13),
(94, 'https://cdn.tgdd.vn/Products/Images/44/282885/Slider/vi-vn-apple-macbook-pro-m2-2022-07.jpg', 13),
(95, 'https://cdn.tgdd.vn/Products/Images/44/282885/Slider/vi-vn-apple-macbook-pro-m2-2022-08.jpg', 13),
(96, 'https://cdn.tgdd.vn/Products/Images/44/282885/Slider/vi-vn-apple-macbook-pro-m2-2022-09.jpg', 13),
(97, 'https://cdn.tgdd.vn/Products/Images/44/272005/Slider/vi-vn-lenovo-gaming-legion-5-15ith6-i7-82jk00fnvn-1.jpg', 14),
(98, 'https://cdn.tgdd.vn/Products/Images/44/272005/Slider/vi-vn-lenovo-gaming-legion-5-15ith6-i7-82jk00fnvn-2.jpg', 14),
(99, 'https://cdn.tgdd.vn/Products/Images/44/272005/Slider/vi-vn-lenovo-gaming-legion-5-15ith6-i7-82jk00fnvn-4.jpg', 14),
(100, 'https://cdn.tgdd.vn/Products/Images/44/272005/Slider/vi-vn-lenovo-gaming-legion-5-15ith6-i7-82jk00fnvn-5.jpg', 14),
(101, 'https://cdn.tgdd.vn/Products/Images/44/272005/Slider/vi-vn-lenovo-gaming-legion-5-15ith6-i7-82jk00fnvn-6.jpg', 14),
(102, 'https://cdn.tgdd.vn/Products/Images/44/256265/Slider/vi-vn-msi-gaming-stealth-15m-a11uek-i7-254vn-1.jpg', 15),
(103, 'https://cdn.tgdd.vn/Products/Images/44/256265/Slider/vi-vn-msi-gaming-stealth-15m-a11uek-i7-254vn-2.jpg', 15),
(104, 'https://cdn.tgdd.vn/Products/Images/44/256265/Slider/vi-vn-msi-gaming-stealth-15m-a11uek-i7-254vn-3.jpg', 15),
(105, 'https://cdn.tgdd.vn/Products/Images/44/256265/Slider/vi-vn-msi-gaming-stealth-15m-a11uek-i7-254vn-4.jpg', 15),
(106, 'https://cdn.tgdd.vn/Products/Images/44/256265/Slider/vi-vn-msi-gaming-stealth-15m-a11uek-i7-254vn-5.jpg', 15),
(107, 'https://cdn.tgdd.vn/Products/Images/44/256265/Slider/vi-vn-msi-gaming-stealth-15m-a11uek-i7-254vn-6.jpg', 15),
(108, 'https://cdn.tgdd.vn/Products/Images/44/256265/Slider/vi-vn-msi-gaming-stealth-15m-a11uek-i7-254vn-7.jpg', 15),
(109, 'https://cdn.tgdd.vn/Products/Images/44/256265/Slider/vi-vn-msi-gaming-stealth-15m-a11uek-i7-254vn-8.jpg', 15),
(110, 'https://cdn.tgdd.vn/Products/Images/44/256265/Slider/vi-vn-msi-gaming-stealth-15m-a11uek-i7-254vn-8.jpg', 15),
(129, 'https://cdn.tgdd.vn/Products/Images/44/275442/Slider/vi-vn-macbook-pro-14-inch-m1-pro-2021-10-core-cpu-01.jpg', 16),
(130, 'https://cdn.tgdd.vn/Products/Images/44/275442/Slider/vi-vn-macbook-pro-14-inch-m1-pro-2021-10-core-cpu-02.jpg', 16),
(131, 'https://cdn.tgdd.vn/Products/Images/44/275442/Slider/vi-vn-macbook-pro-14-inch-m1-pro-2021-10-core-cpu-03.jpg', 16),
(132, 'https://cdn.tgdd.vn/Products/Images/44/275442/Slider/vi-vn-macbook-pro-14-inch-m1-pro-2021-10-core-cpu-04.jpg', 16),
(133, 'https://cdn.tgdd.vn/Products/Images/44/275442/Slider/vi-vn-macbook-pro-14-inch-m1-pro-2021-10-core-cpu-05.jpg', 16),
(134, 'https://cdn.tgdd.vn/Products/Images/44/275442/Slider/vi-vn-macbook-pro-14-inch-m1-pro-2021-10-core-cpu-06.jpg', 16),
(135, 'https://cdn.tgdd.vn/Products/Images/44/275442/Slider/vi-vn-macbook-pro-14-inch-m1-pro-2021-10-core-cpu-07.jpg', 16),
(136, 'https://cdn.tgdd.vn/Products/Images/44/275442/Slider/vi-vn-macbook-pro-14-inch-m1-pro-2021-10-core-cpu-08.jpg', 16),
(137, 'https://cdn.tgdd.vn/Products/Images/44/275442/Slider/vi-vn-macbook-pro-14-inch-m1-pro-2021-10-core-cpu-09.jpg', 16),
(138, 'https://cdn.tgdd.vn/Products/Images/44/275442/Slider/vi-vn-macbook-pro-14-inch-m1-pro-2021-10-core-cpu-010.jpg', 16),
(139, 'https://cdn.tgdd.vn/Products/Images/44/275442/Slider/vi-vn-macbook-pro-14-inch-m1-pro-2021-10-core-cpu-012.jpg', 16),
(140, 'hhttps://cdn.tgdd.vn/Products/Images/44/275442/Slider/vi-vn-macbook-pro-14-inch-m1-pro-2021-10-core-cpu-013.jpg', 16),
(141, 'https://cdn.tgdd.vn/Products/Images/522/238649/ipad-pro-m1-129-inch-wifi-cellular--1.jpg', 17),
(142, 'https://cdn.tgdd.vn/Products/Images/522/238649/ipad-pro-m1-129-inch-wifi-cellular--4.jpg', 17),
(143, 'https://cdn.tgdd.vn/Products/Images/522/238649/ipad-pro-m1-129-inch-wifi-cellular--5.jpg', 17),
(144, 'https://cdn.tgdd.vn/Products/Images/522/238649/ipad-pro-m1-129-inch-wifi-cellular--11.jpg', 17),
(145, 'https://cdn.tgdd.vn/Products/Images/522/238649/ipad-pro-m1-129-inch-wifi-cellular--12.jpg', 17),
(146, 'https://cdn.tgdd.vn/Products/Images/7077/234918/se-40mm-vien-nhom-day-cao-su-xanh-den-01.jpg', 18),
(147, 'https://cdn.tgdd.vn/Products/Images/7077/234918/se-40mm-vien-nhom-day-cao-su-xanh-den-02.jpg', 18),
(148, 'https://cdn.tgdd.vn/Products/Images/54/250701/airpods-3-hop-sac-khong-day-0.jpg', 19),
(149, 'https://cdn.tgdd.vn/Products/Images/54/250701/airpods-3-hop-sac-khong-day-1.jpg', 19),
(150, 'https://cdn.tgdd.vn/Products/Images/54/250701/airpods-3-hop-sac-khong-day-4.jpg', 19),
(151, 'https://cdn.tgdd.vn/Products/Images/54/250701/airpods-3-hop-sac-khong-day-8.jpg', 19),
(152, 'https://cdn.tgdd.vn/Products/Images/54/250701/airpods-3-hop-sac-khong-day-11-1.jpg', 19),
(153, 'https://cdn.tgdd.vn/Products/Images/54/250701/airpods-3-hop-sac-khong-day-13.jpg', 19),
(154, 'https://cdn.tgdd.vn/Products/Images/5697/238491/asus-lcd-proart-pa278cv-27-inch-2k-1-org.jpg', 20),
(155, 'https://cdn.tgdd.vn/Products/Images/5697/238491/asus-lcd-proart-pa278cv-27-inch-2k-2-org.jpg', 20),
(156, 'https://cdn.tgdd.vn/Products/Images/5697/238491/asus-lcd-proart-pa278cv-27-inch-2k-7-org.jpg', 20),
(157, 'https://cdn.tgdd.vn/Products/Images/5697/238491/asus-lcd-proart-pa278cv-27-inch-2k-4-org.jpg', 20),
(160, 'https://media-api-beta.thinkpro.vn/media/core/products/2022/6/7/NJ80-9.jpg?w=700&h=700', 21),
(161, 'https://media-api-beta.thinkpro.vn/media/core/products/2022/6/7/NJ80-16.png?w=700&h=700', 21),
(164, 'https://cdn.cellphones.com.vn/media/wysiwyg/laptop/smart-tivi-xiaomi-a2-58-inch-1.jpg', 22),
(165, 'https://cdn.cellphones.com.vn/media/wysiwyg/laptop/smart-tivi-xiaomi-a2-58-inch-4.jpg', 22),
(166, 'https://cdn.cellphones.com.vn/media/wysiwyg/laptop/smart-tivi-xiaomi-a2-58-inch-2.jpg', 22),
(167, 'https://cdn.cellphones.com.vn/media/wysiwyg/laptop/smart-tivi-xiaomi-a2-58-inch-3.jpg', 22),
(168, 'https://cdn.tgdd.vn/Products/Images/522/250934/xiaomi-pad-5-1-1.jpg', 25),
(169, 'https://cdn.tgdd.vn/Products/Images/522/250934/xiaomi-pad-5-4-1.jpg', 25),
(170, 'https://cdn.tgdd.vn/Products/Images/522/250934/xiaomi-pad-5-5-1.jpg', 25),
(171, 'https://cdn.tgdd.vn/Products/Images/522/250934/xiaomi-pad-5-10-1.jpg', 25),
(172, 'https://cdn.tgdd.vn/Products/Images/522/228899/ipad-air-4-wifi-cellular-256gb-2020-1.jpg', 24),
(173, 'https://cdn.tgdd.vn/Products/Images/522/228899/ipad-air-4-wifi-cellular-256gb-2020-4.jpg', 24),
(174, 'https://cdn.tgdd.vn/Products/Images/522/247512/samsung-galaxy-tab-s8-plus-1-4.jpg', 23),
(175, 'https://cdn.tgdd.vn/Products/Images/522/247512/samsung-galaxy-tab-s8-plus-2-3.jpg', 23),
(176, 'https://cdn.tgdd.vn/Products/Images/7077/227988/garmin-fenix-6s-pro-solar-day-silicone-1-2.jpg', 29),
(177, 'https://cdn.tgdd.vn/Products/Images/7077/227988/garmin-fenix-6s-pro-solar-day-silicone-2-2.jpg', 29),
(178, 'https://cdn.tgdd.vn/Products/Images/7077/234912/s6-44mm-vien-nhom-day-cao-su-den-glr-1-org.jpg', 27),
(179, 'https://cdn.tgdd.vn/Products/Images/7077/234912/s6-44mm-vien-nhom-day-cao-su-den-glr-2-org.jpg', 27),
(180, 'https://cdn.tgdd.vn/Products/Images/4727/247335/bo-phat-song-wifi-6-bang-tan-kep-asus-ax53u-2-3.jpg', 32),
(181, 'https://cdn.tgdd.vn/Products/Images/4727/247335/bo-phat-song-wifi-6-bang-tan-kep-asus-ax53u-5-2.jpg', 32),
(182, 'https://cdn.tgdd.vn/Products/Images/4728/242564/camera-ip-mi-home-360-do-1080p-xiaomi-bhr4885gl-2-2-org.jpg', 31),
(183, 'https://cdn.tgdd.vn/Products/Images/4728/242564/camera-ip-mi-home-360-do-1080p-xiaomi-bhr4885gl-8-org.jpg', 31),
(184, 'https://cdn.tgdd.vn/Products/Images/54/286335/bluetooth-true-wireless-oppo-enco-air-2-pro-ete21-xanh-1.jpg', 30),
(185, 'https://cdn.tgdd.vn/Products/Images/54/286335/bluetooth-true-wireless-oppo-enco-air-2-pro-ete21-xanh-9.jpg', 30),
(186, 'https://cdn.tgdd.vn/Products/Images/7077/284933/sam-sung-galaxy-watch-5-pro-xam-1.jpg', 26),
(187, 'https://cdn.tgdd.vn/Products/Images/7077/284933/sam-sung-galaxy-watch-5-pro-xam-4.jpg', 26),
(188, 'https://cdn.tgdd.vn/Products/Images/5697/258331/dell-lcd-p2422h-238-inch-full-hd-1.jpg', 33),
(189, 'https://cdn.tgdd.vn/Products/Images/5697/258331/dell-lcd-p2422h-238-inch-full-hd-6.jpg', 33),
(190, 'https://cdn.tgdd.vn/Products/Images/5697/219437/asus-tuf-gaming-27-full-hd-165hz-vg27vq-2-1-org.jpg', 34),
(191, 'https://cdn.tgdd.vn/Products/Images/5697/219437/asus-tuf-gaming-27-full-hd-165hz-vg27vq-7-org.jpg', 34),
(192, 'https://cdn.tgdd.vn/Products/Images/5697/271555/dell-lcd-gaming-monitor-27-inch-qhd-165hz-1ms-s2722dgm-2.jpg', 35),
(193, 'https://cdn.tgdd.vn/Products/Images/5697/271555/dell-lcd-gaming-monitor-27-inch-qhd-165hz-1ms-s2722dgm-6.jpg', 35),
(194, 'https://media-api-beta.thinkpro.vn/media/core/products/2022/5/23/Z75_02.png?w=700&h=700', 38),
(195, 'https://media-api-beta.thinkpro.vn/media/core/products/2022/5/23/Z75_04.png?w=700&h=700', 38),
(196, 'https://media-api-beta.thinkpro.vn/media/core/products/2022/2/8/PC75B%20Tiger_2.jpg?w=700&h=700', 37),
(197, 'https://media-api-beta.thinkpro.vn/media/core/products/2022/2/8/PC75B%20Tiger_7.jpg?w=700&h=700', 37),
(198, 'https://media-api-beta.thinkpro.vn/media/core/products/2022/1/15/nj80-1.jpg?w=700&h=700', 36),
(199, 'https://media-api-beta.thinkpro.vn/media/core/products/2022/1/15/nj80-4.jfif?w=700&h=700', 36),
(200, 'https://cdn.cellphones.com.vn/media/wysiwyg/Tivi/smart-tivi-sony-4k-75-inch-xr-75x95k-1.jpg', 41),
(201, 'https://cdn.cellphones.com.vn/media/wysiwyg/Tivi/smart-tivi-sony-4k-75-inch-xr-75x95k-2.png', 41),
(202, 'https://cdn.cellphones.com.vn/media/wysiwyg/accessories/smart-tivi-lg-4k-75-inch-75up7800ptb-1.jpg', 40),
(203, 'https://cdn.cellphones.com.vn/media/wysiwyg/accessories/smart-tivi-lg-4k-75-inch-75up7800ptb-2.jpg', 40),
(204, 'https://cdn.cellphones.com.vn/media/wysiwyg/laptop/smart-tivi-khung-tranh-samsung-the-frame-4k-55-inch-qa55ls03a-2.jpg', 39),
(205, 'https://cdn.cellphones.com.vn/media/wysiwyg/laptop/smart-tivi-khung-tranh-samsung-the-frame-4k-55-inch-qa55ls03a-5.jpg', 39),
(207, 'https://cdn.tgdd.vn/Products/Images/42/260546/Slider/oppo-reno8-pro---1--1020x570.jpg', 45),
(208, 'https://cdn.tgdd.vn/Products/Images/42/260546/oppo-reno8-pro-black-1.jpg', 45),
(209, 'https://cdn.tgdd.vn/Products/Images/42/260546/oppo-reno8-pro-black-5.jpg', 45),
(210, 'https://cdn.tgdd.vn/Products/Images/42/260546/oppo-reno8-pro-black-11.jpg', 45),
(211, 'https://cdn.tgdd.vn/Products/Images/42/260546/oppo-reno8-pro-black-12.jpg', 45),
(212, 'https://cdn.tgdd.vn/Products/Images/42/260546/oppo-reno8-pro-black-13.jpg', 45),
(218, 'https://cdn.tgdd.vn/Products/Images/42/267984/xiaomi-13-den-glr-1.jpg', 46),
(219, 'https://cdn.tgdd.vn/Products/Images/42/267984/xiaomi-13-den-glr-4.jpg', 46),
(220, 'https://cdn.tgdd.vn/Products/Images/42/267984/xiaomi-13-den-glr-5.jpg', 46),
(221, 'https://cdn.tgdd.vn/Products/Images/42/267984/xiaomi-13-den-glr-10.jpg', 46),
(222, 'https://cdn.tgdd.vn/Products/Images/42/267984/xiaomi-13-den-glr-12.jpg', 46);

-- --------------------------------------------------------

--
-- Cấu trúc bảng cho bảng `user`
--

CREATE TABLE `user` (
  `userID` int(11) NOT NULL,
  `email` varchar(100) NOT NULL,
  `password` varchar(100) NOT NULL
) ENGINE=InnoDB DEFAULT CHARSET=utf8mb4 COLLATE=utf8mb4_general_ci;

--
-- Đang đổ dữ liệu cho bảng `user`
--

INSERT INTO `user` (`userID`, `email`, `password`) VALUES
(207, 'thien', '123'),
(208, 'thien@gmail.com', '1234'),
(209, 'quang thien', '123'),
(210, 'tuanthanh', '123456'),
(211, 'admin', '123');

-- --------------------------------------------------------

--
-- Cấu trúc bảng cho bảng `user_detail`
--

CREATE TABLE `user_detail` (
  `id_detail` int(11) NOT NULL,
  `avatar` text NOT NULL,
  `fullname` varchar(30) NOT NULL,
  `city` text NOT NULL,
  `district` text NOT NULL,
  `ward` text NOT NULL,
  `phone` int(11) NOT NULL,
  `userID` int(11) NOT NULL
) ENGINE=InnoDB DEFAULT CHARSET=utf8mb4 COLLATE=utf8mb4_general_ci;

--
-- Đang đổ dữ liệu cho bảng `user_detail`
--

INSERT INTO `user_detail` (`id_detail`, `avatar`, `fullname`, `city`, `district`, `ward`, `phone`, `userID`) VALUES
(168, '/images/user/avatar1689913132221.jpg', 'Quang Thiện ', '96', '964', '32005', 123456, 207),
(169, '/images/user/avatar1691297605347.jpg', 'Quang Thiện', '92', '916', '31120', 123456, 208),
(170, '/images/user/avatar1692176145745.jpg', 'Tuấn Thanh', '92', '916', '31120', 379086874, 210);

--
-- Chỉ mục cho các bảng đã đổ
--

--
-- Chỉ mục cho bảng `bannerimg`
--
ALTER TABLE `bannerimg`
  ADD PRIMARY KEY (`id_banner`);

--
-- Chỉ mục cho bảng `cart`
--
ALTER TABLE `cart`
  ADD PRIMARY KEY (`idCart`),
  ADD KEY `id` (`id`),
  ADD KEY `cart_ibfk_2` (`userID`);

--
-- Chỉ mục cho bảng `category`
--
ALTER TABLE `category`
  ADD PRIMARY KEY (`id_category`);
ALTER TABLE `category` ADD FULLTEXT KEY `name_type` (`name_type`);

--
-- Chỉ mục cho bảng `comment`
--
ALTER TABLE `comment`
  ADD PRIMARY KEY (`idComment`),
  ADD KEY `id` (`id`),
  ADD KEY `userID` (`userID`);

--
-- Chỉ mục cho bảng `favorite`
--
ALTER TABLE `favorite`
  ADD PRIMARY KEY (`id_favorite`),
  ADD KEY `id` (`id`),
  ADD KEY `userID` (`userID`);

--
-- Chỉ mục cho bảng `order`
--
ALTER TABLE `order`
  ADD PRIMARY KEY (`id_order`);

--
-- Chỉ mục cho bảng `order_detail`
--
ALTER TABLE `order_detail`
  ADD PRIMARY KEY (`idDetail`),
  ADD KEY `id_order` (`id_order`);

--
-- Chỉ mục cho bảng `products`
--
ALTER TABLE `products`
  ADD PRIMARY KEY (`id`),
  ADD KEY `id_category` (`id_category`);
ALTER TABLE `products` ADD FULLTEXT KEY `name` (`name`);

--
-- Chỉ mục cho bảng `thumbnailurl`
--
ALTER TABLE `thumbnailurl`
  ADD PRIMARY KEY (`id_slider`),
  ADD KEY `id_mobile` (`id`);

--
-- Chỉ mục cho bảng `user`
--
ALTER TABLE `user`
  ADD PRIMARY KEY (`userID`),
  ADD UNIQUE KEY `email` (`email`);

--
-- Chỉ mục cho bảng `user_detail`
--
ALTER TABLE `user_detail`
  ADD PRIMARY KEY (`id_detail`),
  ADD KEY `userID` (`userID`);

--
-- AUTO_INCREMENT cho các bảng đã đổ
--

--
-- AUTO_INCREMENT cho bảng `bannerimg`
--
ALTER TABLE `bannerimg`
  MODIFY `id_banner` int(11) NOT NULL AUTO_INCREMENT, AUTO_INCREMENT=44;

--
-- AUTO_INCREMENT cho bảng `cart`
--
ALTER TABLE `cart`
  MODIFY `idCart` int(11) NOT NULL AUTO_INCREMENT, AUTO_INCREMENT=591;

--
-- AUTO_INCREMENT cho bảng `category`
--
ALTER TABLE `category`
  MODIFY `id_category` int(11) NOT NULL AUTO_INCREMENT, AUTO_INCREMENT=9;

--
-- AUTO_INCREMENT cho bảng `comment`
--
ALTER TABLE `comment`
  MODIFY `idComment` int(11) NOT NULL AUTO_INCREMENT, AUTO_INCREMENT=117;

--
-- AUTO_INCREMENT cho bảng `favorite`
--
ALTER TABLE `favorite`
  MODIFY `id_favorite` int(11) NOT NULL AUTO_INCREMENT, AUTO_INCREMENT=99;

--
-- AUTO_INCREMENT cho bảng `order_detail`
--
ALTER TABLE `order_detail`
  MODIFY `idDetail` int(11) NOT NULL AUTO_INCREMENT, AUTO_INCREMENT=151;

--
-- AUTO_INCREMENT cho bảng `products`
--
ALTER TABLE `products`
  MODIFY `id` int(11) NOT NULL AUTO_INCREMENT, AUTO_INCREMENT=47;

--
-- AUTO_INCREMENT cho bảng `thumbnailurl`
--
ALTER TABLE `thumbnailurl`
  MODIFY `id_slider` int(11) NOT NULL AUTO_INCREMENT, AUTO_INCREMENT=223;

--
-- AUTO_INCREMENT cho bảng `user`
--
ALTER TABLE `user`
  MODIFY `userID` int(11) NOT NULL AUTO_INCREMENT, AUTO_INCREMENT=212;

--
-- AUTO_INCREMENT cho bảng `user_detail`
--
ALTER TABLE `user_detail`
  MODIFY `id_detail` int(11) NOT NULL AUTO_INCREMENT, AUTO_INCREMENT=171;

--
-- Các ràng buộc cho các bảng đã đổ
--

--
-- Các ràng buộc cho bảng `cart`
--
ALTER TABLE `cart`
  ADD CONSTRAINT `cart_ibfk_1` FOREIGN KEY (`id`) REFERENCES `products` (`id`);

--
-- Các ràng buộc cho bảng `comment`
--
ALTER TABLE `comment`
  ADD CONSTRAINT `comment_ibfk_1` FOREIGN KEY (`id`) REFERENCES `products` (`id`),
  ADD CONSTRAINT `comment_ibfk_2` FOREIGN KEY (`userID`) REFERENCES `user_detail` (`userID`);

--
-- Các ràng buộc cho bảng `favorite`
--
ALTER TABLE `favorite`
  ADD CONSTRAINT `favorite_ibfk_1` FOREIGN KEY (`id`) REFERENCES `products` (`id`),
  ADD CONSTRAINT `favorite_ibfk_2` FOREIGN KEY (`userID`) REFERENCES `user` (`userID`);

--
-- Các ràng buộc cho bảng `products`
--
ALTER TABLE `products`
  ADD CONSTRAINT `products_ibfk_1` FOREIGN KEY (`id_category`) REFERENCES `category` (`id_category`);
COMMIT;

/*!40101 SET CHARACTER_SET_CLIENT=@OLD_CHARACTER_SET_CLIENT */;
/*!40101 SET CHARACTER_SET_RESULTS=@OLD_CHARACTER_SET_RESULTS */;
/*!40101 SET COLLATION_CONNECTION=@OLD_COLLATION_CONNECTION */;
